user,query_id,case_id,key_elements_imp,key_elements_q,key_elements_c,key_circumstances_imp,key_circumstances_q,key_circumstances_c,issue_imp,issue_q,issue_c,law_imp,law_q,law_c,cause_imp,cause_q,cause_c,story_imp,story_q,story_c
user_1,0,4891_1,5,在道路上驾驶机动车：醉酒驾驶机动车的；以暴力、威胁方法阻碍国家机关工作人员依法执行职务；犯罪以后自动投案，如实供述自己罪行的是自首。,在道路上驾驶机动车：醉酒驾驶机动车的；以暴力、威胁方法阻碍国家机关工作人员依法执行职务；犯罪以后自动投案，如实供述自己罪行的是自首。,5,被告人孙小寨酒后驾驶，其血液酒精含量达到151.2503mg／100ml，属醉酒状态；民警对被告人孙小寨伤情拍照过程中，遇到孙小寨阻碍，孙小寨拒不配合，并辱骂出警人员。随后，孙小寨又回家中拿出一把剪刀对出境人员进行威胁并辱骂。涡阳县公安局交警殷某、杨某与陈大派出所民警袁某、洪某带领孙小寨进行抽血检查，在此过程中，被告人孙小寨又对涡阳县公安局工作人员进行辱骂；案发后，孙小寨主动到公安机关投案，如实交代了其妨碍公务的犯罪事实。,丁某某醉酒驾驶鲁EKXXX3号轿车；垦利县公安局交通管理大队民警处警时，丁某某拒不配合，辱骂殴打民警李某某。后丁某某被带至垦利县人民医院进行静脉抽血时，拒不配合，辱骂威胁民警并殴打民警殷某某、协警刘某并将刘某手机毁损；丁某某被抽血后，公安民警通知其家人将其带回，并告知其家人让丁某某次日到公安机关接受调查，次日，丁某某在家人陪同下主动到公安机关说明情况。,1,,,5,,,1,,,1,,
user_1,1,330_2,5,盗窃公私财物，数额较大的；共同犯罪,盗窃公私财物，数额较大的，或者多次盗窃；共同犯罪,5,被告人杨海负责放风，被告人陈洪凯使用螺丝刀将丰田轿车副驾驶车窗砸坏，盗走车内一台价值人民币2587元的捷渡行车记录仪,由郭海文用液压剪将窗户防盗网剪开，并与肖某某钻进办公室盗窃内财物，冯东明在外面负责看风和接应，三人盗得电脑四台、液晶电视一台。经鉴定，被盗数码相机价值为人民币380元，被盗的四台电脑和液晶电视的价值共为人民币2655元。肖某某携带作案工具将事主邓某甲停放在飞马车行背后楼梯处的一辆红色太子125C摩托车（车牌：粤R×××××）盗走，李某甲在路边负责接应及望风。经鉴定，被盗窃“太子”摩托车价值为人民币1715元。肖某某携带作案工具将事主彭某停放在该处的一辆枣红色女装摩托车盗走，李某甲驾车在路边负责接应及望风。经鉴定，被盗窃摩托车价值为人民币1170元。肖某某携带作案工具进入小院内实施盗窃摩托车，高某及李某甲在小院外负责接应及望风。得手后，三人驾驶盗得的摩托车离现场。经鉴定，被盗摩托车价值为人民币220元。肖某某和高某携带工具将该摩托车盗走，李某甲负责驾车接应及望风。经鉴定，被盗摩托车价值为人民币840元。肖某某及高某前往楼梯口实施盗窃，李某甲驾驶红色125C男装摩托车在国道旁负责接应及望风，三人合力盗得该电动车后逃离现场。经鉴定，被盗电动车价值为人民币2905元。肖某某及高某前往小区楼梯间实施盗窃，李某甲负责在国道旁负责接应及望风。肖某某用事先准备好的钥匙将楼梯间铁门打开后，与高某合力将事主潘某停放在该处的一辆蓝色“刀仔”摩托车盗走。经鉴定，被盗摩托车价值为人民币1620元。肖某某携带作案工具将该摩托车盗走，李某甲负责驾车在附近路边接应和望风。经鉴定，被盗摩托车价值为人民币1218元。肖某某和高某携带工具将该车盗走，李某甲驾车在路边负责接应和望风。经鉴定，被盗摩托车价值为人民币1700元。肖某某携带工具将该车盗走，高某负责驾车接应及望风。经鉴定，被盗摩托车价值为人民币1910元。肖某某携带作案工具将该车盗走，李某甲驾车在附近路边接应及望风。经鉴定，被盗摩托车价值为人民币300元。肖某某携带工具将该车盗走，李某甲驾车在路边负责接应和望风。经鉴定，被盗摩托车价值为人民币1505元。,1,,,1,,,1,,,1,,
user_1,3,2132_4,5,故意伤害他人身体,非法携带管制刀具,5,陈建军用随身携带的折叠刀先后捅刺蔡某、王某，致被害人蔡某、王某全身多处损伤，重伤二级。,被告人郎某某售卖弹簧刀、匕首等刀具，涉案的21把刀具均属于管制刀具。,1,,,1,,,1,,,1,,
user_1,5,1405_1,5,虚构事实、隐瞒真相，诈骗公私财物,虚构事实、隐瞒真相，诈骗公私财物,5,以结婚为由，虚构虚假信息，骗取被害人信任，骗得财产。,假借恋爱之名，虚构虚假信息，骗取被害人信任，骗得财产。,1,,,1,,,1,,,1,,
user_1,7,4829_3,5,开设赌场；故意伤害他人身体；非法拘禁他人,胁迫抢劫公私财物；以勒索财物为目的绑架他人,5,开设游戏厅，设置具有赌博功能的游戏机32台供他人进行赌博活动；限制人身自由，棍棒、拳头击打，脚踢等。,限制人身自由，向被害人索要人民币，向其亲戚朋友所要人民币,1,,,1,,,1,,,1,,
user_1,4,1972_2,5,聚众斗殴致人死亡；持械,聚众斗殴；持械,5,约场子准备打架，与聚集在此的被告人XX及其纠集的人发生打斗，期间被告人严黎明、刘泽文手持匕首乱戳对方，致被害人岳兵受伤后经抢救无效死亡。,二十余人在灵璧县人民医院东侧聚集并准备刀、棍等凶器。被告人程某及王峰、徐记、邱悬悬、徐云飞等人持刀、棍等凶器冲进医院二楼急诊手术室，王峰持刀架在高某的脖子上，徐记、邱悬悬、徐云飞等人对高某进行砍、打，被告人程某对高某拳打脚踢，致高某受伤。轻伤二级。,1,,,1,,,1,,,1,,
user_1,2,259_3,5,侵占；掩饰、隐瞒犯罪所得；共犯,诈骗；共犯,5,被告人刘某甲到双环公司六号库找到为其发货的叉车司机，授意帮其多装货；被告人刘某乙在明知纯碱是赃物的情况下，仍以每吨人民币1210元的价格购买24吨纯碱。,用事先空车加水过磅，放水后装货再过磅减少结算重量的方式骗取李某乙的废钢。被告人吴某、刘某、赵某采用该手法骗得李某乙的废钢计43.95吨，价值人民币87900元。,1,,,1,,,1,,,1,,
user_2,3,2132_3,5,殴打他人（故意伤害他人身体）；致他人重伤,殴打他人；致他人轻伤/轻微伤,4,发生争执，实施殴打；重伤二级,怀疑被骗，实施殴打；轻伤二级，轻微伤；,1,,,1,,,1,,,3,多人参与,多人参与
user_2,1,330_1,5,非法占有目的；侵犯他人财产所有权；盗窃公私财物,非法占有目的；侵犯他人财产所有权；数额较大；多次盗窃,5,使用砸碎车窗，盗窃车内物品；共同犯罪；价值2587元,使用砸碎车窗，盗窃车内物品；共同犯罪；共同盗窃三次，一人单独另实施五次；程某某盗窃数额累计人民币22931元，王某某盗窃数额累计人民币7151元。,1,,,1,,,1,,,1,,
user_2,0,4891_2,5,醉酒驾驶机动车；危害公共安全,醉酒驾驶机动车；限定责任能力；危害公共安全,5,醉酒驾驶机动车；其血液酒精含量达到151.2503mg／100ml，属醉酒状态；,醉酒驾驶机动车；其血液乙醇成分达到244mg／100ml；双相情感障碍，案发时为躁狂状态；三车碰撞，三车受损,1,,,5,刑法第一百三十三条之一第二项,刑法第一百三十三条之一第二项,5,危险驾驶罪,危险驾驶罪,1,,
user_2,2,259_4,5,为谋取不正当利益给国家工作人员以财物；明知是犯罪所得而予以收购,违反国家规定，倾倒有毒物质或者其他有害物质，严重污染环境,5,给公司工作人员以财物要求多装货物；明知是赃物而予以收购,没有处理资质；通过排污管倾倒废水至灌河,1,,,1,,,1,,,1,,
user_2,7,4829_2,4,开设赌场；殴打他人（故意伤害）；致人死亡；任意损毁他人财物，情节严重,开设赌场；殴打他人（故意伤害）；致人死亡；随意殴打他人，情节恶劣,4,开设棋牌室，设置具有赌博功能的游戏厅；因被害人侵吞钱款，使用拳脚、棍棒、喝冰毒过滤水等体罚方式殴打；因全身多处被钝性物体多次打击致挤压综合征死亡；因索要欠款，砸毁他人财物,经营棋牌室，“放头麻将”；因索要赌债，争执扭打；一人死亡，一人轻微伤；为阻止警察带走人，拦截警车，殴打警察,1,,,1,,,1,,,1,,
user_2,4,1972_3,4,聚众斗殴（故意伤害他人）；致人死亡,任意损毁他人财物，情节严重；扰乱社会秩序,5,发生争吵，约架斗殴；使用匕首等器械；致人死亡,发生争执，心生不忿，纠集多人扰乱秩序，损毁他人财物；使用棍棒等器械,1,,,1,,,1,,,1,,
user_2,5,1405_4,5,非法占有目的；虚构事实，隐瞒真相，骗取他人财物；侵犯他人财产权,非法占有目的；虚构事实，隐瞒真相，骗取他人财物；侵犯他人财产权,5,以恋爱、结婚为由，骗取信任，并虚构事实骗取被害人钱款；人民币902500元；多次骗取,隐瞒已婚事实，以恋爱的方式，虚构事实骗取钱款；人民币131000元,1,,,1,,,1,,,1,,
user_3,0,4891_3,1,以威胁方法阻碍国家机关工作人员依法执行公务,随意殴打他人，情节恶劣，扰乱社会秩序,1,被告人酒后抗拒出警人员进行酒精检测，对出警人员进行辱骂并拿剪刀威胁,被告人因赔偿过低，阻碍工地施工，与施工人员发生冲突，致施工人员轻伤，并多次导致工地停工，警察出警,1,,,1,,,1,,,1,,
user_3,5,1405_3,2,诈骗公私财物，数额较大,有配偶而重婚,3,被告人通过网络聊天结识被害人后，虚构家中出事急用钱等虚假信息，让被害人汇款，并隐瞒已婚已育事实，且无真实与被害人结婚意愿,被告人陆维慧在与丘青桂的婚姻关系存续期间通过蒋忠慧发布的征友广告与蒋忠慧联系并迅速确立了恋爱关系，后陆维慧刻意隐瞒已婚事实，陆维慧与蒋忠慧两人以夫妻名义的同居关系得到了蒋忠慧亲友的认可，两人并育有一子。,1,,,1,,,1,,,1,,
user_3,7,4829_1,4,开设赌场,开设赌场,4,被告人钱盛杰租用本市静海区东方红路雨润宾馆院内房屋开设游戏厅，设置具有赌博功能的游戏机32台供他人进行赌博活动。其间，被告人李忠、高春震、姚升党受雇参与游戏厅经营管理。,被告人李某甲租赁了临海市杜桥镇杜下浦村附近一铁皮屋，先后放置具有赌博功能的游戏机4台，供他人赌博，并雇佣金某、项某、曾某、吕某等人在游戏厅内帮忙，每月给固定“工资”,1,,,1,,,1,,,1,,
user_3,3,2132_2,4,故意伤害他人身体，致人重伤,故意伤害他人身体，致人重伤,3,后被告人陈建军在该烧烤店门口的路上，用随身携带的折叠刀先后捅刺蔡某、王某，致被害人蔡某、王某全身多处损伤，损伤程度为重伤二级,被害人王某1送被告人王少辉回到宿舍，王少辉酒后产生妄想，使用一把刀向王某1乱砍、乱捅，致王某1受伤，经法医鉴定，被害人王某1所受损伤为重伤二级,1,,,1,,,1,,,1,,
user_3,4,1972_4,2,聚众斗殴致人死亡,明知被害人是幼女，介绍卖淫,2,被告人杜晓萱、严黎明纠集被告人刘泽文、张小斌及焦甜甜（已不诉）等人携带匕首、砍刀等工具与聚集在此的被告人XX及其纠集的被告人王一凡等人及本案被害人岳兵发生打斗，期间被告人严黎明、刘泽文手持匕首乱戳对方，致被害人岳兵受伤后经抢救无效死亡,被告人杨新民、雷媚在渭南市解放路银河宾馆将刘花庆（另案处理）介绍给张志宏进行嫖宿，并称该刘为师院学生。张志宏在该宾馆三楼9329房间和刘花庆发生性关系，事后张志宏付刘花庆嫖资200元。雷媚和刘花庆各分得赃款。,1,,,1,,,1,,,1,,
user_3,2,259_1,3,盗窃公私财物，数额巨大,盗窃公私财物，数额巨大,3,持该公司开具的15吨纯碱《分次发运单》出货。被告人刘某甲到双环公司六号库找到为其发货的叉车司机被告人汪某甲，授意被告人汪某甲帮其多装货，并承诺叉车每多叉一板纯碱（1.5吨）给被告人汪某甲人民币350元，被告人汪某甲应允，，被告人刘某乙在明知纯碱是赃物的情况下，仍以每吨人民币1210元的价格购买24吨纯碱。,被告人崔某甲、崔某乙、张某、刘某乙甲、邓某等人多次交叉结伙，先后在济宁市区多处工地、厂区进行盗窃，盗窃物品经鉴定价值人民币248002.8216元。,1,,,1,,,1,,,1,,
user_3,1,330_4,2,盗窃公私财物，数额较大,以暴力方式阻碍正在依法执行公务的国家工作人员,4,被告人杨海负责放风，被告人陈洪凯使用螺丝刀将丰田轿车副驾驶车窗砸坏，盗走车内一台价值人民币2587元的捷渡行车记录仪。,民警将该车拦停后对宋某某进行酒精快速初步排查，排查显示有酒精，需进一步检测酒精含量，该车驾驶员宋某某突然迅速关闭车窗，再向后倒车与后方粤B×××××号红色出租车发生碰撞，然后加速冲往右前方，撞倒了用于管制道路的粤B×××××号牌警用摩托车和雪糕筒，又与前方悬挂鲁J×××××临时号牌的红色法拉利轿车发生碰撞，后继续往前行驶逃离现场,1,,,1,,,1,,,1,,
user_4,0,4891_4,5,威胁出警人员；阻碍民警执行公务,盗窃电动车,1,辱骂出警人员；醉酒状态,多次盗窃；共同犯罪,1,,,1,,,1,,,1,,
user_4,5,1405_2,5,被告人虚构事实；被害人产生错误认识；被害人基于错误认识处分财务；被告人取得财务；被害人受到损失,被告人虚构事实；被害人产生错误认识；被害人基于错误认识处分财务；被告人取得财务；被害人受到损失,2,基于两性交往骗取财产,虚构投资项目骗取财产,1,,,2,被害人谅解,被告人坦白,1,,,1,,
user_4,2,259_2,4,盗窃行为；非法占有他人财务,盗窃行为；非法占有他人财物,1,共同犯罪,目的在于还债,1,,,1,,,1,,,1,销赃行为属于牵连犯,
user_4,7,4829_4,5,非法剥夺人身自由；殴打他人；致他人死亡；破坏他人财物,毁坏公私财物,1,共同犯罪；开设赌场；非法持有毒品,寻衅滋事,1,,,1,,案例发生时间为1993年，早于1997年《刑法》,1,,,1,,
user_4,4,1972_1,5,聚众斗殴；故意杀人；致人死亡,聚众斗殴；故意杀人；致人重伤、死亡,3,共同犯罪,共同犯罪；致人重伤、死亡、轻微伤,1,,,1,,,1,,,1,,
user_4,3,2132_1,5,故意伤害；致人重伤,故意伤害；致人重伤、轻伤,3,被告人1人刺伤2人,聚众殴打,1,,,1,,,1,,,1,,
user_4,1,330_3,5,盗窃行为,威胁被害人；抢劫财务,2,共同犯罪；数额较小,共同犯罪；数额较大,1,,,1,,,1,,,1,,
user_5,9,3805_4,5,限制他人人身自由；为索取债务；殴打情节；侵害他人人身自由、身体健康；,故意杀人致他人死亡；侵害他人生命权；,3,迫使被害人还钱；轻伤二级；轻微伤；,相约自杀；商定自杀，共同准备；一氧化碳中毒死亡；,1,,,1,,,5,非法拘禁罪,故意杀人罪,1,,
user_5,8,4719_3,3,故意伤害他人；致使他人轻伤以上；违反交通管理法规；侵害他人健康权；危害公共安全；,违反交通管理法规；造成重大交通事故；致人死亡；危害公共安全,5,摩托车加速撞击；轻伤二级；发生口角；,无证驾驶无号牌普通摩托车；负全部责任；衰竭死亡；,1,,,1,,,3,故意伤害罪,交通肇事罪,1,,
user_5,12,6282_4,5,非国家工作人员；利用职务上的便利索取他人财物，为他人谋取利益；数额巨大；侵犯村集体财产权；,非国家工作人员；利用职务之便；挪用本单位资金归个人使用；进行营利活动；数额巨大；侵犯村集体财产权；,5,村委会主任；索要好处费；30万元；替偿还借款；,村主任；挪用31万给村民；,1,,,1,,,3,非国家工作人员受贿罪,挪用资金罪,1,,
user_5,10,3862_1,5,限制他人人身自由；暴力、胁迫；非法占有目的；侵犯私人财物所有权；侵犯人身自由、身体健康；,限制他人人身自由；暴力、恐吓；非法占有目的；侵犯私人财物所有权；侵犯人身自由、身体健康；,4,怀疑酒托，维权；共同犯罪；殴打；言语威胁；轻微伤；限制自由；,怀疑假表，维权；共同犯罪；暴力、恐吓手段；轻微伤；,1,,,1,,,3,抢劫罪；非法拘禁罪；,抢劫罪；非法拘禁罪；,1,,
user_5,13,6094_3,4,非法占有目的；恐吓、威胁、要挟；非法占用被害人公私财物；,利用职务上的便利；非法收受他人财物；为他人谋取利益；数额巨大；侵犯公私财物所有权；,4,废标；封口费；投标招标；资质不符合；,帮忙中标；投标；利用担任评标专家职务之便；,1,,,1,,,4,敲诈勒索罪,非国家工作人员受贿罪,1,,
user_5,15,2331_1,5,违反交通运输管理法规；发生重大事故；致人死亡；,违反交通运输管理法规；发生重大事故；致人重伤；,4,醉酒无证无牌照驾驶；当场死亡；,醉酒驾驶；重伤二级；轻伤二级；,1,,,1,,,4,交通肇事罪,交通肇事罪,1,,
user_5,14,6046_2,4,非法占有目的；限制他人人身自由；暴力、胁迫；侵犯他人财物；,非法占有目的；限制他人人身自由；暴力、胁迫；侵犯他人财物；参加黑社会性质组织进行违法犯罪活动；破坏社会秩序；,4,殴打，言语威胁；支付辛苦费；轻微伤；,获取非法经济利益；敲诈勒索；,1,,,1,,,1,,,1,,
user_5,11,6394_2,5,国家工作人员；利用职务便利；索要贿赂；数额巨大；,国家工作人员；利用职务上便利；为他人谋取利益；收受他人财物；数额巨大；,5,索要好处费；索要他人人民币200000元；,多次收受财物；,1,,,1,,,5,受贿罪,受贿罪,1,,
user_6,14,6046_3,4,非法拘禁；轻微伤；限制被害人人身自由；有权利基础，不构成绑架罪,故意伤害；侵犯人身权利；致人轻伤,4,经济纠纷；强行将被害人杨某某带至他处看管；采用殴打及言语威胁等方式；签下悔过书并承诺放弃经济利益；外伤致左枕部头皮下血肿，构成轻微伤,因邻里矛盾发生口角；拾起水泥块向杨某某投掷，砸伤其前额部，导致其前额部搓裂伤，伤口大量出血；杨某某头部伤情已构成轻伤二级，瞿某某手臂伤情已构成轻微伤。,1,,,1,,,1,,,1,,
user_6,13,6094_2,4,以非法占有为目的；采用要挟手段，强行索取他人财物，数额较大；构成敲诈勒索罪,以非法占有为目的；采用要挟手段，强行索取他人财物，数额较大；构成敲诈勒索罪,5,建工程不符合招标规定；李大良则提出要人民币20万元作为“封口费“；李大良书写“协议书”并在协议书上签字，被害人陆续转账；,被告人史建伟多次以揭发隐私的方式，阻挠白某谈对象；被告人史建伟以揭发隐私相要挟，强行向白某索要现金32000元。,1,,,1,,,1,,,1,,
user_6,11,6394_1,5,利用职务上的便利，收受他人财物，为他人谋取利益；受贿,利用职务上的便利，索取他人财物，为他人谋取利益；受贿,5,利用职务便利，索要他人人民币200000元；被告人马波向戴某某索要好处费，戴某某按照约定送给被告人马波人民币200000元。,告人叶湘利用担任新疆鑫光新兴材料有限公司董事长的职务便利，明知被给予钱款是为了让其利用职务之便为自己谋取利益，仍先后收受钱款共计人民币920000元。,1,,,1,,,1,,,1,,
user_6,15,2331_4,3,交通肇事；违反交通管理法规；造成一人重伤；违反交通管理秩序,违背妇女意志与其发生性关系；侵犯妇女性自主权；强奸。,3,某甲醉酒后无证驾驶无号牌五菱小型货车，被告人陆某醉酒后无证驾驶无号牌超标电动三轮车；造成李某当场死亡及两车损坏的道路交通事故；陆某承担事故的主要责任，赵某甲承担事故的次要责任。,因被告人醉酒，被告人周某某将被害人送到家中，后趁被害人醉酒处于无意识状态无法反抗的情形下，将被害人衣服脱光后与被害人发生性关系，之后被告人王某来到被告人家中，待周某某离开后，王某与被害人发生了性关系。,1,,,1,,,1,,,1,,
user_6,8,4719_4,4,故意伤害；致人轻伤；侵犯人身权利。,采用持刀威胁等手段劫取他人财物；违背妇女意志，合伙采取暴力、胁迫手段强奸妇女。抢劫，强奸。,4,因口角，被林某1扇打耳光；驾车加速撞击被害人林某1驾驶的摩托车，致被害人林某1倒地受伤，伤情已达到轻伤二级。,采用持刀威胁等手段劫取他人财物，；对被害人实施强奸；共同犯罪。,1,,,1,,,1,,,1,,
user_6,12,6282_1,4,村委会主任；利用职务上的便利，非法收受他人财物，数额较大，为他人谋取利益；国家工作人员受贿。,基层组织人员；利用职务上的便利，非法收受他人财物，数额较大，为他人谋取利益；非国家工作人员受贿。,5,村委会主任；陆建明提出因为其欠段某的借款30万元，段某将其斯巴鲁汽车扣下；赎回汽车，“好处费”不能少于30万元；陆建明提议召开村两委会，提议将该村的小石渣运输业务转包给张某甲，承包费每年15万元。,被告人张某甲给10000元的辛苦费，以替唐山鑫佳堆焊科技有限公司向西留村乡政府交集资款名义自己得款30000元，其它花费6000元；,1,,,1,,,1,,,1,,
user_6,9,3805_3,4,非法拘禁；暴力手段；限制人身自由；致人轻伤。,奸淫幼女，暴力手段；侵犯幼女身心健康。,5,迫使被害人张某还钱，防止其逃跑，搬入同住；对张、杨二人进行看管，限制人身自由；轻伤二级；取用手铐铐、开水烫、不让吃饭等手段，强令还钱，致被害人张某、杨某2被烫伤；共同犯罪。,张某1不满14周岁；被告人刘飞意欲发生性关系，遭到拒绝后，即用手机砸、指使殴打；持刀威胁；奸淫。共同犯罪。,1,,,1,,,1,,,1,,
user_6,10,3862_2,4,抢劫；暴力手段；侵犯人身、财产权益；数额较大。,抢劫；暴力手段，侵犯人身、财产权利；数额巨大。,4,怀疑周某是酒托骗钱，纠集被告人要钱；揪头发、打耳光等方式将周某强行拖入黑色越野车；殴打周某，周某被迫交出银行卡，并将银行卡密码告知姜洪杰；分赃700元，苹果5S手机销赃得款2200元，分给姜洪杰1100元，共同犯罪；轻微伤。,厉某将其中50万元放入自己的密码箱，交给周某，并给了王兆楷1万元好处费，王兆楷认为太少而心生不满；抢过厉某从车上拿出来的密码箱并持刀恐吓；撬开获得现金47万；共同犯罪。,1,,,1,,,1,,,1,,
user_7,9,3805_2,4,非法限制人身自由；暴力手段,非法限制人身自由；暴力手段,4,看管限制人身自由；烫伤轻伤二级,限制人身自由；烫伤轻伤二级,1,,,1,,,3,非法拘禁罪,组织、领导传销活动罪,1,,
user_7,14,6046_4,2,违背他人意志；损失财产及财产性利益,违背他人意志；损失财产及财产性利益,4,看管；殴打与言语威胁；写欠条,居间介绍；书写欠条；诱骗贷款；催讨虚假债务,1,,,1,,,1,,,2,强行带至某地点写欠条,写欠条时人身自由多无限制
user_7,13,6094_1,4,敲诈勒索他人财物,敲诈勒索他人财物,3,去有关部门反映要挟；封口费,纪委揭发与互联网发布要挟；索要财物,1,,,1,,,1,,,1,,
user_7,12,6282_2,4,依职务便利；非法收受财物,依职务便利；非法收受财物,3,提出自己有债务以运输承包权交换,索要“点子费”以推荐项目,2,村委会主任的身份,委派的监理的身份,1,,,2,国家工作人员受贿,非国家工作人员受贿,1,,
user_7,11,6394_4,3,利用职务便利索贿,虚构事实隐瞒真相,4,索要财物,营造假象；隐瞒重整查封事实；订立虚假买卖合同,1,,,1,,,1,,,1,,
user_7,8,4719_1,4,故意伤害他人身体；伤害故意,故意（间接故意）伤害他人身体；伤害故意,3,驾车加速撞击；轻伤二级,驾车靠近踢倒；猥亵目的；被害人死亡,1,,,1,,,1,,,1,,
user_7,15,2331_3,4,违反道路交通安全相关法规；醉酒驾驶机动车,违反道路交通安全相关法规；醉酒驾驶机动车,3,醉酒；承担事故次要责任,醉酒驾驶；无证驾驶；承担事故全部责任；逃离现场,1,,,1,,,1,,,1,,
user_7,10,3862_3,4,限制人身自由,限制人身自由,3,拖入车内威胁取得财物,强力控制在车内（仅就第一部分强奸罪事实而言）,1,,,1,,,1,,,1,,
user_8,11,6394_3,5,利用职务便利;索要他人人民币200000元,为谋取不正当利益;给予国家工作人员财物共计人民币133万元;侵犯了国家工作人员职务行为的廉洁性以及国家经济管理的正常活动,5,索要好处费;送给被告人马波人民币200000元;如实坦白组织已掌握的其违纪违法问题，并主动交代组织尚未掌握的受贿问题。,为获得沿河土家族自治县官舟镇老街区道路路面维修改造项目承建权，向时任官舟镇党委书记余某1请托，先后12次送给余某1好处费共计人民币133万元;到案后第一时间交代了组织尚未掌握的行贿68万元的犯罪事实,1,,,1,,,1,,,1,,
user_8,10,3862_4,5,以暴力、胁迫或者其他方法抢劫公私财物,以非法占有为目的，采取秘密窃取的手段，多次盗窃他人财物，数额较大,5,揪头发、打耳光等方式将周某强行拖入；被迫交出银行卡；从周某卡内取款人民币2400元；苹果5S手机一部和诺基亚-107手机一部掉落地上，被隋鑫捡起；苹果5S手机销赃得款2200元；轻微伤,采用秘密窃取手段；七次盗窃；总计盗窃财物三万七千余元,1,,,1,,,1,,,1,,
user_8,12,6282_3,5,国家工作人员利用职务上的便利；索取他人财物；为他人谋取利益,国家工作人员利用职务上的便利，挪用公款数额较大；至今未还,5,村委会主任；将该村的小石渣运输业务转包给张某甲；索要好处费30万元,村委会主任；以李某乙的名义在沂南县农村信用联社大庄信用社借款30万元，李某甲让村委会计王某甲用村委会的集体资金偿还了其在大庄信用社的该笔借款33万元,1,,,1,,,1,,,1,,
user_8,8,4719_2,5,故意伤害他人身体；致他人轻伤,故意地非法损害他人身体健康；造成他人死亡的严重后果,5,发生口角；趁被害人林某1不备；驾车加速撞击；轻伤二级,酒后驾驶摩托车；发生口角；手持钢管击中刘某1的头部；当场倒地死亡,1,,,1,,,1,,,1,,
user_8,15,2331_2,5,酒后驾驶机动车在公路上行驶；发生交通事故，致人死亡,酒后驾驶机动车在公路上行驶并发生交通事故，危害公共安全,5,相撞导致李某当场死亡及两车损坏；陆某承担事故的主要责任，赵某甲承担事故的次要责任；两人属醉酒状态,酒后驾驶；相撞造成两车受损；某负事故的全部责任,1,,,1,,,1,,,1,,
user_8,13,6094_4,5,敲诈勒索财物；扰乱招标秩序,实施串通投标犯罪行为；扰乱招标秩序,5,认为其不符合招标规定，并以此为由要求谢某1、陈某1赔偿其损失，否则将继续向有关部门反映，让其失去第一中标候选人的资格；承诺愿意支付人民币20万元的“封口费”，要求李大良不要再去相关部门反映；谢某1于2016年11月14日转人民币5万元给李大良，2017年1月26日转人民币6万元给李大良,被告人温某凡、林某玲二位专家在进入封标评标前即已接受被告人林某泰的请托，承诺为上述四家公司在评标时给予帮助。最终，在被告人温某凡、林某玲等人的帮助下，同案人陈某6等人用于“围标”的上述四家公司全部被确定为上述项目中第一中标候选人及第二中标候选人。,1,,,1,,,1,,,1,,
user_8,9,3805_1,5,索要债务；非法剥夺他人人身自由；轻伤,索要债务；非法剥夺他人人身自由；轻伤,5,迫使被害人张某还钱；搬入该处仍与其同住；进行看管，限制人身自由；用手铐铐、开水烫、不让吃饭等手段，强令被害人张某还钱；轻伤二级；轻微伤；共同犯罪,索要债务；一同居住；随时跟随；接打电话都采用免提方式、限制其接打电话及收发短息、控制与外界接触的手段限制被害人王能新的人身自由；采用电棍电击、针灸刺扎身体等方式多次对被害人实施殴打、侮辱，致被害人王能新全身多处外伤；轻伤二级；共同犯罪,1,,,1,,,1,,,1,,
user_8,14,6046_1,5,敲诈勒索财物；数额较大,敲诈勒索财物；数额较大,5,采用殴打及言语威胁等方式；承诺放弃经济利益；出具欠条支付“辛苦费”5万元；轻微伤,被告人张玉峰在被告人翟卫国授意下至山东青岛将袁某的1辆大众牌轿车开回无锡；被告人刘磊采用言语威胁等方式要求袁某支付催收辛苦费、拖车费等费用，敲诈勒索得1万余元。,1,,,1,,,1,,,1,,
user_9,2,259_3,4,授意帮其多装货、多装载了15吨纯碱、价值人民币19650元,减少结算重量、骗得废钢价值人民币87900元,3,持15吨纯碱《分次发运单》、为其发货的叉车司机、负责装卸的双环公司装卸工、授意帮其多装货,吴某与李某乙商定购买废钢、空车加水过磅之后放水后装货再过磅减少结算重量、物色了从事个体运输的被告人,1,,,1,,,1,,,1,,
user_9,4,1972_2,3,发生争吵、发生打斗、持匕首乱戳、经抢救无效死亡,言语争执、进行砍打、拳打脚踢、轻伤二级,4,发生争吵、互相谩骂、约场子准备打架、携带匕首、砍刀等工具,发生冲突、言语争执、聚集并准备刀棍等凶器、持刀、棍等凶器冲进医院,1,,,1,,,1,,,1,,
user_9,7,4829_3,4,拘禁、限制自由、殴打体罚、因全身多处被钝性物体多次打击致挤压综合征死亡,密谋绑架、索要人民币5000元钱、打电话向亲属要钱、因钝性外力打击头部致严重颅脑损伤死亡,3,因王某1曾侵吞游戏厅钱款之事在游戏厅内用棒球棍殴、用拳头巴掌打击王某1头面部、喝冰毒过滤水的方式体罚、用脚踢踹王某1、持棍棒打击,欲将王带走遭拒发生矛盾、密谋绑架、将王凤英带至该房间,1,,,1,,,1,,,1,,
user_9,5,1405_1,4,虚构各种事实、让任某给其汇款、骗取任某人民币902500元,虚构自己的身份、编造虚假理由、共骗得56.085万元,3,以愿意与任某结婚为由隐瞒其真实身份及已生育子女的事实、多次虚构其要出国学习培训急用钱等虚假信息、将个人薪资售房款借款等转入李芬梅提供的银行卡账户、用于个人开支和高消费挥霍,虚构自己的身份假借恋爱之名、以借为名骗取欠款,1,,,1,,,1,,,1,,
user_9,3,2132_4,4,捅刺、重伤二级,售卖弹簧刀匕首等刀具、携带的弹簧刀18把匕首3把、均属于管制刀具,4,发生争执、发生争吵并引发揪打、随身携带的折叠刀、全身多处损伤,在道路上、携带的弹簧刀18把匕首3把,1,,,1,,,1,,,1,,
user_9,1,330_2,5,车窗砸坏、盗走行车记录仪、价值人民币2587元,盗窃财物、财物价值为人民币20138元,5,车窗砸坏、驾驶摩托车、放风,携带作案工具、看风和接应,1,,,1,,,1,,,1,,
user_9,0,4891_1,4,拒不配合、威胁辱骂、醉酒状态、酒后驾车,事故后驾车逃逸、拒不配合、辱骂殴打威胁、乙醇超标、损伤程度为轻微伤,4,酒后滋事、孙小寨拒不配合并辱骂出警人员、拿出一把剪刀对出境人员进行威胁并辱骂,承担事故全部责任、辱骂殴打民警李某某、辱骂威胁民警并殴打民警殷某某协警刘某并将刘某手机毁损,1,,,1,,,1,,,1,,
user_10,1,330_1,5,共同犯罪；盗窃财物；故意毁坏财物；数额较大,共同犯罪；盗窃财物；故意毁坏财物；数额较大；多次盗窃,4,将车窗砸坏；盗窃行车记录仪；盗窃数额2587元；砸碎车窗赔偿数额4651元；一人放风一人实施,将车窗砸碎；盗窃车内财物；被告人程某某实施盗窃8起，被告人王某某实施盗窃3起；被告人程某某盗窃数额累计人民币27731.32元，被告人王某某盗窃数额累计人民币7151元。,2,,,4,,,4,,,4,,
user_10,7,4829_2,5,设置赌博机组织赌博且违法所得数额巨大；非法剥夺人身自由；故意伤害他人致死；共同犯罪；任意损毁公私财物情节严重；,开设赌场违法所得数额巨大；故意伤害他人致死；随意殴打他人，情节恶劣；共同犯罪；恶意透支数额较大,5,设置数十台赌博机开设赌场并组织赌博；将王某1拘禁于游戏厅内，并指使被告人李忠、姚升党、高春震对王某1进行看管，限制王某1自由多日；每个被告人均用不同方式殴打和伤害被害人，最终被害人死亡；董某、高某等人驾车离去，李忠伙同他人驾车追赶，持木棍将汽车多处砸坏，在董某、高某驾驶车辆离开后，李忠等人继续驾驶车辆追赶，并将高某所驾驶汽车逼停，持木棍将汽车多处砸坏，损失数额较大,开设赌场，组织赌博并非法所得数额较大；被告人七人徒手和用工具殴打被害人三人，致被害人之一死亡和另外两人轻微伤；因琐事在饭店门口殴打他人并且不顾民警劝阻殴打致被害人轻伤；被告人非法透支信用卡数额较大，拒不还款并更换联系方式和不通知银行工作人员，逃避债务，经银行两次以上催收且超过三个月未还款。,4,数被告人对被害人的殴打虐待是否出于杀害的故意，对于王某的死亡是否有预见；将董某和1高某驾驶的汽车多处砸坏是否出于故意毁坏财物的目的，还是处于藐视社会秩序的动机,殴打朱某的行为应当构成寻衅滋事罪还是故意伤害罪,4,开设赌场罪的量刑档次；非法拘禁过程中使用的暴力是否超出本罪能包容的程度；故意毁坏财物罪与寻衅滋事罪的故意毁坏财物行为的区分,多人殴打他人致轻伤，故意伤害罪与寻衅滋事罪的想象竞合问题,4,,,5,,
user_10,0,4891_2,4,醉酒驾驶机动车；威胁国家机关工作人员依法执行职务,醉酒驾驶机动车；限制行为能力人,3,醉酒后驾驶普通小型客车，其血液酒精含量达到151.2503mg／100ml；孙小寨拿出一把剪刀对出境人员进行威胁并辱骂,饮酒后驾驶轿车连续与小轿车和小型越野车发生碰撞；血液中乙醇含量为244mg／100ml；案发时因精神疾病处于限制行为能力状态,3,以剪刀威胁正在执行职务的人民警察应当构成妨害公务罪还是袭警罪,连续碰撞造成的损失是否达到交通肇事罪的立案标准,3,,,3,,,3,,案发时处于躁狂状态，限制行为能力
user_10,2,259_4,5,盗窃公私财物，数额较大；共同犯罪；教唆犯；明知是犯罪所得而收购的行为,违法国家规定排放倾倒含有有毒有害物质的废液，严重污染环境；共同犯罪；教唆犯,5,找到相关工人，提供金钱要求帮助多装货物；另一被告人明知是犯罪所得而仍然选择购买,将未经处理的废水交由无处理资质的人处理，另一被告人未经处理直接将废水废液倾倒入河流，造成相关的河流和土壤严重污染污染,4,被收买而帮助犯罪的人是否应当构成从犯；,被雇佣和收买帮助排放倾倒的人是否构成本罪从犯,3,共同犯罪；从犯；教唆犯；罚金刑的规定；量刑幅度,共同犯罪；从犯；教唆犯；罚金刑的规定；量刑幅度,5,盗窃罪，掩饰隐瞒犯罪所得收益罪,污染环境罪,3,主动退回违法所得及其产生的收益,自愿交付换进修复费用
user_10,3,2132_3,5,故意伤害；损害他人身体健康权；达到既遂标准；共同犯罪,采用虚构事实和隐瞒真相的方法骗取对方当事人财物，数额较大；持械聚众斗殴的行为,5,使用随身携带的刀具刺向被害人，致多处损伤以及两被害人均达到重伤二级,采用出千作弊的方式实施诈骗行为，数额数十万；多人于家中互相厮打拉扯，并且用水果刀进行攻击,3,被告人是否具有杀人的故意,水果刀是否属于“持械斗殴”中的器械,3,,犯罪未遂；坦白,5,故意伤害罪,诈骗罪；聚众斗殴罪,4,损害程度,诈骗数额与损害程度
user_10,5,1405_4,5,虚构事实、隐瞒真相，骗取对方当事人财物数额巨大,以推销商品提供服务为名，要求参加者缴纳费用获得加入资格，并且不断要求发展下线实施骗取财物等行为，严重扰乱金融秩序；以虚构事实和隐瞒真相的方式骗取对方当事人财物数额巨大,5,多次隐瞒已婚事由并且虚构事实伪装与任某恋爱和骗取财物近百万,假借提供服务和推销商品之名，要求缴纳费用获得加入资格并且不断要求他人加入，获取财物数额巨大；隐瞒已婚事实并且骗取对方财物百万以上,1,,,3,骗取的财物数额对量刑的影响,组织领导传销活动罪骗取的财物数额以及造成的金融秩序混乱对量刑的影响；诈骗数额大小对量刑的影响,2,,,2,,
user_10,4,1972_3,5,聚众斗殴人数多，社会影响恶劣；聚众斗殴致人死亡；持械聚众斗殴,任意损毁公私财物，情节严重；持械辱骂、恐吓他人，情节恶劣；,5,纠集多人携带凶器和管制刀具聚众斗殴，并且导致其中一人死亡,纠集数十人在对方家中进行示威以及毁坏财物，社会影响恶劣,3,案件发生地点是否应视为“公共场所”，是否应当据此加重其处罚,纠集的人数和对财物的毁损数额对于量刑的影响,3,从犯；共同犯罪；首要分子,共同犯罪；从犯；自首情节,1,,,1,,
user_11,5,1405_3,4,诈骗公私财物；,有配偶而与他人以夫妻名义同居生活；,3,隐瞒其真实身份及已生育子女的事实；,刻意隐瞒已婚事实；,1,,,1,,,1,,,1,,
user_11,1,330_4,4,盗窃公私财物，数额较大的；,以暴力方法阻碍国家机关工作人员依法执行职务；,3,将丰窗砸坏；盗走车内一台价值人民币2587元的捷渡行车记录仪,驾车等待交警检查时，突然快速启动冲撞前后待检车辆以及用于封锁道路的警用摩托车等；醉酒,1,,,1,,,1,,,1,,
user_11,7,4829_1,4,以营利为目的，开设赌场；限制他人人身自由，致人死亡；故意毁坏他人财物，数额较大；,以营利为目的，开设赌场；强拿硬要或者任意损毁、占用公私财物,3,开设游戏厅，设置具有赌博功能的游戏机供他人进行赌博活动；故意毁坏他人财物；共同犯罪,利用游戏机开设赌场聚众赌博；任意毁损他人财物；共同犯罪,1,,,1,,,1,,,1,,
user_11,0,4891_3,4,以暴力、威胁方法阻碍国家机关工作人员依法执行职务；酒后驾车,无正当理由阻挠施工，造成二人轻伤；,4,阻挠他人（警察执行公务）行为,阻挠他人（正常施工）行为,1,,,1,,,1,,,1,,
user_11,3,2132_2,4,有原因；用刀捅刺他人；致二人重伤,无故；用刀捅砍他人；致一人重伤,3,双方斗殴之中用随身携带的折叠刀先后捅刺他人；致二人重伤二级,无故捅砍他人；致人重伤二级,1,,,1,,,1,,,1,,
user_11,2,259_1,4,盗窃公私财物；数额19650元；掩饰隐瞒犯罪所得,以秘密手段窃取财物；数额12495元；掩饰隐瞒犯罪所得,3,超出应拿份额，窃取他人所有的纯碱；明知纯碱是赃物还购买；共同犯罪,在多处工地、厂区进行盗窃；在明知是赃物的情况下，仍然予以收购；共同犯罪,1,,,1,,,1,,,1,,
user_11,4,1972_4,4,在公共场所聚众斗殴人数多，规模大；致人死亡,介绍卖淫；明知女孩未成年仍与其发生关系（强奸）,3,约场子准备打架；纠集帮手；携带刀器；致人死亡,帮忙介绍女孩卖淫；明知对方系未成年人仍与其发生性关系,1,,,1,,,1,,,1,,
user_12,2,259_2,5,非法占有为目的；盗窃数额较大；掩饰隐瞒犯罪所得；赃物；共同犯罪,非法占有为目的；盗窃数额较大；掩饰隐瞒犯罪所得；赃物,4,共同犯罪；盗窃数额较大；掩饰隐瞒犯罪所得,索要钱款；盗窃数额较大；掩饰隐瞒犯罪所得,1,,,1,,,1,,,1,,
user_12,1,330_3,5,非法占有为目的；盗窃；故意毁坏财物；数额较大；共同犯罪,非法占有为目的；抢劫；抢劫的法定刑 加重情节，如数额巨大；共同犯罪,5,非法占有目的；砸坏车窗；盗窃车内数额较大的行车记录仪；两名被告人分别是帮助犯和实行犯,非法占有目的；抢劫司机；使用枪状物以实施恶害相威胁；数额巨大；伙同；商议,1,,,5,盗窃罪,抢劫罪；是否构成抢劫罪加重法定刑，数额巨大,5,盗窃,抢劫,1,,
user_12,3,2132_1,4,伤害故意；故意伤害致人重伤,伤害故意；故意伤害致人重伤,4,因发生争吵产生揪打；故意伤害；致他人身体多处损伤；重伤二级,因发生口角后发生打斗；故意伤害 ；重伤二级；双方互殴,3,,互殴中是否存在正当防卫,1,,,1,,,3,,打斗过程中，参与殴斗的人员中一方是否具有正当防卫意图和行为
user_12,5,1405_2,5,非法占有为目的；虚构事实；骗取他人财物数额巨大；诈骗,非法占有为目的；虚构事实；骗取他人财物数额巨大；诈骗,4,虚构事实；多次虚构虚假信息，多次让任某给其汇款；骗取被害人任某的钱财共计人民币902500元；赃款用于个人开支和挥霍,虚构事实骗取被害人财物；骗取被害人财物20万元；赃款用于支付贷款利某及个人欠款等,1,,,1,,,1,,,1,,案件事实中的鲍某是否构成故意犯罪
user_12,0,4891_4,5,危险驾驶；在道路上驾驶 机动车；醉酒驾驶机动车；以暴力、威胁方法阻碍国家机关工作人员依法执行职务；妨害公务,非法占有为目的；多次盗窃；盗窃数额较大,5,经对孙小寨进行血液酒精含量检验鉴定属醉酒状态，醉酒驾驶机动车；拒不配合出警人员，并多次进行辱骂、威胁,多次盗窃电动自行车；价值达46029元,1,,,1,,,5,危险驾驶罪；妨害公务罪,盗窃罪,1,,
user_12,7,4829_4,5,共同犯罪；非法拘禁他人；具有殴打、侮辱情节；致人死亡,故意毁坏财物；数额较大,5,殴打被害人；非法拘禁于游戏厅内；长时间拘禁；侮辱、伤害行为；被害人因全身多处被钝性物；身体多次打击致挤压综合征死亡；共同犯罪,法院执行后 有异议；闯入村委会，砸碎了多项财物，给村委会造成经济损失2012元。,1,,,1,,,5,非法拘禁致人死亡,故意毁坏财物,1,,
user_12,4,1972_1,5,聚众斗殴；首要分子；致人死亡；聚众斗殴人数多；在公共场所聚众斗殴；共同犯罪,聚众斗殴；首要分子；积极参加者；致人重伤；致人死亡；聚众斗殴人数多；在公共场所聚众斗殴；共同犯罪,5,遭到语言调戏后约架；纠结多人；携带匕首、砍刀等工具，斗殴过程中使用；案发地点位于公共场所；致一人抢救无效后死亡,由前因引起约架；纠结多人；携带竹竿、尖刀等凶器；聚众斗殴过程中使用凶器；案发地点位于公共场所；致一人大失血而死亡，两人因刀伤构成重伤，多人 构成轻微伤,2,,首要分子和积极参与者的认定,5,聚众斗殴，致人重伤、死亡的，依照本法第二百三十四条、第二百三十二条的规定定罪处罚。,聚众斗殴，致人重伤、死亡的，依照本法第二百三十四条、第二百三十二条的规定定罪处罚。,4,故意杀人,故意杀人、故意伤害,2,被害人自陷风险的认定,
user_13,11,6394_2,4,利用职务便利；国家工作人员,利用职务便利；国家工作人员,4,索要好处费,非法收受他人财物,1,,,1,,,1,,,1,,
user_13,15,2331_1,5,违反交通运输管理法规；发生碰撞；醉酒后驾驶机动车,违反交通运输管理法规；发生碰撞；醉酒后驾驶机动车,5,醉酒驾驶；致人重伤、死亡,醉酒驾驶；致人重伤、死亡,1,,,1,,,1,,,1,,
user_13,13,6094_3,4,(敲诈勒索罪)敲诈索要“封口费”,(非国家工作人员受贿罪)收受“感谢费”,4,受害人迫于压力给“封口费”,利用职务之便收受“感谢费”,1,,,1,,,1,,,1,,
user_13,10,3862_1,5,致他人轻微伤；暴力手段剥夺他人人身自由；非法拘禁,致他人轻微伤；暴力手段剥夺他人人身自由；非法拘禁,5,以维权而引发；轻微伤；共同犯罪,以维权而引发；轻微伤；共同犯罪,1,,,1,,,1,,,1,,
user_13,12,6282_4,5,索要“好处费”（滥用职权罪）,挪用村委集体资金归个人使用及进行营利活动（挪用资金罪）,5,利用担任职务之便,利用担任职务之便,1,,,1,,,1,,,1,,
user_13,8,4719_3,4,（故意伤害罪）；轻伤二级；故意撞击被害人,（交通肇事罪）；致一人死亡；交通肇事,4,轻伤二级；发生口角；,致一人死亡；交通肇事；,1,,,1,,,1,,,1,,
user_13,9,3805_4,4,（非法拘禁罪）限制人身自由,（故意杀人罪）相约自杀,4,限制人身自由；手铐铐、开水烫、不让吃饭等手段；轻微伤,相约自杀,1,,,1,,,1,,,1,,
user_13,14,6046_2,4,（非法拘禁罪）轻微伤；强行将被害人杨某某带至他处看管；共同犯罪,（参加黑社会性质组织罪；敲诈勒索罪）有组织地实施违法犯罪活动获取巨额经济利益；共同犯罪,4,殴打及言语威胁；经济纠纷,暴力、威胁等手段,1,,,1,,,1,,,1,,
user_14,8,4719_4,4,故意伤害；轻伤,非法占有目的；暴力胁迫手段；财物；违背妇女意志；强奸,4,驾车加速撞击；轻伤二级,持刀威胁；手机等；强行按倒在地；实施强奸,1,,,1,,,1,,,1,,
user_14,9,3805_3,4,限制人身自由；轻伤,未满14周岁；胁迫；强奸,4,借贷关系；限制人身自由；轻伤,胁迫、殴打；强行发生性关系,1,,,1,,,1,,,1,,
user_14,10,3862_2,4,非法占有目的；暴力、胁迫；财物,非法占有目的；暴力、胁迫；抢劫财物,4,怀疑骗钱；揪头发、打耳光；言语威胁；银行卡,持刀恐吓；密码箱,1,,,1,,,1,,,1,,
user_14,14,6046_3,4,非法拘禁；暴力或胁迫；放弃经济利益,伤害行为；致人轻伤,3,经济纠纷；殴打及言语威胁；轻微伤,砸水泥块；轻伤二级,1,,,1,,,1,,,1,,
user_14,13,6094_2,4,非法占有目的；要挟手段；索取财物,非法占有目的；要挟手段；索取财物,4,不符合招标规定；举报；17万元,揭发隐私；32000元,1,,,1,,,1,,,1,,
user_14,15,2331_4,4,醉酒；无证驾驶；1人死亡,违背妇女意志；不知反抗；性关系,4,乙醇超标；无证驾驶；当场死亡,无意识不知反抗；性关系,1,,,1,,,1,,,1,,
user_14,12,6282_1,4,非国家工作人员；利用职务便利；索要财物；为他人谋取利益,非国家工作人员；利用职务便利；收受财物；为他人谋取利益,4,村委会主任；“好处费”；运输业务转包,村委会主任；收取钱款；征地,1,,,1,,,1,,,1,,
user_14,11,6394_1,4,国家工作人员；利用职务便利；谋取利益；索要,国家工作人员；利用职务便利；谋取利益；收受,4,新疆生产建设兵团第六师国有资产经营有限公司党委书记、董事长；不催款；索要钱财,新疆鑫光新兴材料有限公司董事长；明知他人为了谋取利益；收受钱款,1,,,1,,,1,,,1,,
user_15,14,6046_4,4,非法占有目的；暴力、胁迫或其他方式；侵犯他人财产所有权,非法占有目的；欺骗手段；侵犯他人财产所有权,4,殴打及言语威胁；逼迫；承诺放弃经济利益；出具欠条支付“辛苦费”5万元；轻微伤,空放贷款；多次催讨虚假债务；胁迫以房产抵押,1,,,1,,,1,,,1,,
user_15,13,6094_1,5,非法占有目的；以举报相要挟；敲诈勒索；侵犯他人财产所有权,非法占有目的；以举报相要挟；敲诈勒索；侵犯他人财产所有权,5,电话联系；以不符合招标规定为由举报；索要“封口费”20万,发送短信；以向纪委揭发为要挟；索要50万,1,,,1,,,1,,,1,,
user_15,12,6282_2,5,利用职务之便；索取他人财物；为他人谋取利益,利用职务之便；索取他人财物；为他人谋取利益,5,任吴庄子村村委会主任；提议将该村的小石渣运输业务转包给张某甲；索要“好处费”不能少于30万元,作为酉阳县“滨江花园”小区总监理；推荐其朋友杨某维、黄某某承接外墙保温和外墙漆等项目；要求黄某某、杨某维给予自己“点子费”,1,,,1,,,1,,,1,,
user_15,8,4719_1,5,殴打,故意伤害,5,发生口角；被告人驾驶摩托车；被害人驾驶摩托车；驾车加速撞击被害人；轻伤二级,伺机猥亵；被告人驾驶摩托车；被害人驾驶电动车；驾车靠近被害人并朝其左侧臀部踢了一脚；死亡,1,,,1,,,1,,,1,,
user_15,10,3862_3,5,非法占有目的；暴力、胁迫手段；侵犯他人财产所有权,暴力、胁迫手段；违背妇女意愿；强行发生性关系,5,采用揪头发、打耳光等方式将周某强行拖入黑色越野车中；索取手机密码；索取银行密码；取款分赃,邀请被害人上车；朝被害人脸部、头部猛击；在车后排强行与被害人发生性关系,1,,,1,,,1,,,1,,
user_15,11,6394_4,5,国家工作人员身份；利用职务便利；索取他人财物,非法占有目的；签订、履行合同过程中骗取财物,5,担任新疆生产建设兵团第六师国有资产经营有限公司党委书记、董事长；利用职务便利；索要他人人民币200000元,故意隐瞒公司重整事实；利用未向管理人移交的已无法律效力的公司印章；与被害人签订虚假商品房买卖合同；骗取被害人玉石共计113块,1,,,1,,,1,,,1,,
user_15,15,2331_3,5,（交通肇事罪）违反交通运输管理法规；发生重大事故；致人重伤、死亡或者使公私财产遭受重大损失,（以危险方法危害公共安全罪）以其他危险方法致人重伤、死亡或者使公私财产遭受重大损失,5,无证驾驶；醉酒驾驶；发生交通事故；一人死亡、两车损坏,无证驾驶；醉酒驾驶；发生重大交通事故；一人死亡、六车损坏,1,,,1,,,1,,,1,,
user_15,9,3805_2,5,非法剥夺他人人身自由,非法剥夺他人人身自由,5,搬去同住；进行看管，限制人身自由；轻伤二级,骗至窝点；限制人身自由；轻伤二级,1,,,1,,,1,,,1,,
user_16,10,3862_4,5,非法拘禁；抢劫；共同犯罪,盗窃他人财物；盗窃信用卡并使用,4,非法限制人身自由；殴打强迫交出银行卡；纠集朋友共同行动,骗取被害人的信任；趁被害人不注意之际盗取被害人的财物；盗窃信用卡并用事先套取的密码取款,1,,,1,,,1,,,1,,
user_16,11,6394_3,4,受贿罪；索贿行为,行贿罪,4,国家工作人员；利用职务便利；索要好处费,为获得项目非法承包权；给国家工作人员送感谢费与好处费,1,,,1,,,1,,,1,,
user_16,12,6282_3,5,非国家工作人员受贿；利用职务便利为他人谋取不正当利益,挪用资金；用于个人使用,4,村委会主任；提议召开村两委会，并在会上提议将该村的小石渣运输业务转包给张某甲,村委会主任； 直接用村委集体资金偿还了其个人在信用社的贷款,1,,,1,,,1,,,1,,
user_16,8,4719_2,4,故意伤害；轻伤二级,故意伤害致死,4,发生口角；驾车加速撞击；轻伤二级,发生口角；持钢管击打；当场倒地死亡,1,,,1,,,1,,,1,,
user_16,13,6094_4,5,敲诈勒索,串通投标；共同犯罪,5,举报资质问题要挟废标；索要“封口费”,四家公司密谋串通投标；买通评标专家；共同制作投标文件；分工明确，事后销毁证据,1,,,1,,,1,,,1,,
user_16,15,2331_2,4,醉酒驾驶；造成死亡结果；交通肇事,醉酒驾驶；造成财产损失；危险驾驶,4,醉酒后无证驾驶；造成李某当场死亡及两车损坏的道路交通事故,酒后驾驶；造成两车受损,1,,,1,,,1,,,1,,
user_16,14,6046_1,5,非法拘禁；抢劫,非法拘禁；寻衅滋事 ；敲诈勒索,5,强行将被害人杨某某带至他处看管；强迫放弃经济利益；强行索要“辛苦费”,强行看管索债；以各种方式滋事；索要“辛苦费”、“拖车费”,1,,,1,,,1,,,1,,
user_16,9,3805_1,4,非法拘禁,非法拘禁,4,索要债务；同住；手铐铐、开水烫、不让吃饭等手段；轻伤二级；轻微伤,索要债务；同住；人机分离、限制接打电话、收发短信、控制与外界接触的手段限制王能新人身自由；电棍电击、针灸刺扎身体等方式多次对被害人实施殴打、侮辱，致其全身多处外伤；轻微伤,1,,,1,,,1,,,1,,
user_17,1,330_2,5,非法占有为目的；实施盗窃；共同犯罪；侵犯他人财产所有权,非法占有为目的；多次盗窃；共同犯罪；数额较大；侵犯他人财产权,3,砸坏车窗进入；共计2587元，作案工具已查扣；家属退赔修理费,望风；多次；作案数额11195元,1,,,1,,,1,,,1,,
user_17,4,1972_2,5,聚众打斗；致人死亡；侵犯社会管理秩序；危害他人生命健康,聚众殴打；致人轻伤二级；侵犯他人生命健康,5,约场子准备打架；持匕首乱戳对方；致被害人受伤后经抢救无效死亡,发生冲突；被告人程某对高某拳打脚踢，致高某受伤；轻伤二级,1,,,1,,,1,,,1,,
user_17,3,2132_4,5,故意；持刀伤害；重伤二级；危害他人生命健康,故意；持刀贩卖；危害公共安全,5,争执揪打后持刀捅刺；重伤,行政处罚；持刀公众贩卖；,1,,,1,,,1,,,1,,
user_17,2,259_3,5,达成合意；职务侵占，损害单位财产，共同犯罪,骗取对方，获利，明知赃物而买，损害他人财产，共同犯罪,4,商量一致；非法获得19650元,过水欺瞒；非法获利87900元,1,,,1,,,1,,,1,,
user_17,5,1405_1,5,虚构事实，隐瞒真相；以非法占有为目的；获利902500元,虚构事实，隐瞒真相；以非法占有为目的；获利56.085万元,5,以要结婚出国学习、培训，急用钱等虚假信息、的名义骗取；多次,以买房与被害人结婚、为被害人买车、投资父亲和舅舅的工程、在广州、北京等地做生意等虚假理由骗取；多人,1,,,1,,,1,,,1,,
user_17,0,4891_1,5,醉酒驾驶机动车；危害公共安全；对在执行公务过程中的警察进行殴打辱骂；妨碍社会管理秩序,醉酒驾驶机动车；危害公共安全；对在执行公务过程中的警察进行殴打辱骂；妨碍社会管理秩序,3,酒后滋事；抽血过程中辱骂民警；未造成财产损失和人员伤亡，自首,交通肇事；抽血过程中辱骂民警；造成人员轻微伤和财产损失；自首,1,,,1,,,1,,,1,,
user_17,7,4829_3,5,开设赌场供他人赌博；非法拘禁；故意伤害致死；破坏他人财产,以绑架的方式抢劫他人财物；绑架向受害人家属索要财物；绑架致被害人死亡,3,因侵吞款而绑架殴打；殴打致死,因感情纠葛绑架；绑架向本人及其家属分别索要财物，绑架致死,1,,,1,,,1,,,1,,
user_18,2,259_4,5,非法占有目的；窃取行为；侵犯他人财产所有权；明知是犯罪所得及其收益予以窝藏、转移,违反国家规定；倾倒废物；严重污染环境,3,找到发货人要求多装货，给付报酬；要求装卸工多装货，给付报酬；明知赃物而购买；共同犯罪,将废水交由无处理资质的人处理；让他人倾倒，给付报酬；雇佣托运；雇佣押运；共同犯罪,1,,,1,,,1,,,1,,
user_18,7,4829_2,5,开设赌场供他人进行赌博活动；故意伤害他人身体；非法拘禁；任意毁损公私财物，情节严重,开设赌场抽取渔利；故意伤害他人身体；随意殴打他人，情节恶劣；以非法占有为目的，恶意透支信用卡，数额较大,5,开设游戏厅，设置具有赌博功能的游戏机32台供他人进行赌博活动；因侵吞钱款殴打；限制自由；打击、体罚；因全身多处被钝性物体多次打击致挤压综合征死亡；索要欠款；持木棍将董某所驾驶牌照号津Q×××××别克汽车后挡风玻璃、后备箱、左后视镜、前保险杠及右侧车门框砸坏；将汽车逼停，持木棍将汽车右前门玻璃、右前车门、右后车门、后保险杠砸坏；共同犯罪,开设赌场提供赌资结算；催讨赌债；木棍、扭打、围殴；在中毒基础上因外力作用致急性呼吸、循环功能衰竭死亡；轻微伤；因琐事打架，拳打脚踢，轻伤；申领信用卡，透支消费，多次催收后超过三个月仍未还款；共同犯罪,1,,,1,,,1,,,1,,
user_18,3,2132_3,5,故意伤害他人身体；致他人重伤,以非法占有为目的，采用虚构事实、隐瞒真相的方法，骗取他人财物，数额巨大；积极参加持械聚众斗殴,4,争吵、揪打；用折叠刀捅刺；重伤二级,事先合谋，以诈赌方式实施诈骗；打架、纠集；携带鱼叉、木棍、武士刀等工具；殴打；用水果刀捅刺；轻微伤,1,,,1,,,1,,,1,,
user_18,1,330_1,5,非法占有目的；窃取行为；侵犯他人财产所有权；数额较大,非法占有目的；窃取行为；侵犯他人财产所有权；多次盗窃,5,放风；将车窗砸坏；盗走车内财物（行车记录仪）；盗走车内一台价值人民币2587元的捷渡行车记录仪,将车窗砸坏；盗走车内财物（钱包等）；被告人程某某实施盗窃八起，盗窃数额累计人民币22931元；被告人王某某实施盗窃三起，盗窃数额累计人民币7151元,1,,,1,,,1,,,1,,
user_18,4,1972_3,5,持械聚众斗殴；致人重伤,持械辱骂、恐吓他人；任意毁损他人财物，情节恶劣,4,发生争吵、互相谩骂、打架；携带匕首、砍刀等工具；发生打斗；手持匕首乱戳对方，致被害人岳兵受伤后经抢救无效死亡,发生争吵并引发打架；砸坏财物；纠集他人；砸车；打砸,1,,,1,,,1,,,1,,
user_18,0,4891_2,5,醉酒驾驶机动车,醉酒驾驶机动车,5,醉酒驾驶机动车；对工作人员辱骂,醉酒驾驶机动车；发生碰撞；限制刑事责任能力,1,,,1,,,1,,,1,,
user_18,5,1405_4,5,以非法占有为目的；虚构事实、隐瞒真相；诈骗公私财物,被告人王维彪组织、领导以投资国家高回报项目为名，要求参加者以缴纳费用获得加入资格，并按一定顺序组成层级，以发展人员的数量作为返利依据，引诱参加者继续发展他人参加，骗取财物，扰乱经济社会秩序；以非法占有为目的，隐瞒事实真相，多次骗取他人财物,4,虚构家中出事急用钱等虚假信息；虚构各种事实多次让任某向其汇款；数额较大,缴纳69800元申购款加入资本运作为名的非法传销组织，先后发展了直接下线入资本运作的传销体系进行牟利；隐瞒其已婚的事实，骗取财物。,1,,,1,,,1,,,1,,
user_19,1,330_4,5,盗走;车窗;行车记录仪,酒精;碰撞;逃离,1,螺丝刀;车窗修理费,关闭车窗;,1,,,1,,,1,,,1,,
user_19,3,2132_2,5,捅刺,乱砍;乱捅,5,夜宵;喝酒唱歌;折叠刀;重伤二级;肋骨骨折,喝酒;争吵;轻微伤,1,,,1,,,1,,,1,,
user_19,2,259_1,5,明知;非法占有;授意,掩饰隐瞒犯罪所得罪;盗窃;赃物;收购,3,多装货;购买;退还,销售;,1,,,1,,,1,,,1,,
user_19,4,1972_4,5,约场子准备打架;匕首;砍刀;,介绍卖淫;明知;可能不满十四周岁;,2,校门口;争吵;谩骂;抢救无效死亡,嫖资,1,,,1,,,1,,,1,,
user_19,7,4829_1,5,赌博;限制自由;,赌博;,3,打击;体罚;砸坏;损失,索要股份;砸坏;游戏机;非法获利,1,,,1,,,1,,,1,,
user_19,0,4891_3,5,酒后驾驶;阻碍;辱骂;威胁,寻衅滋事;厮打,2,剪刀,阻挠施工;轻伤二级;轻伤一级,1,,,1,,,1,,,1,,
user_19,5,1405_3,5,虚假信息;隐瞒;汇款,隐瞒已婚事实;遗弃;负有抚养义务而拒绝抚养,2,网络聊天;,无钱治疗;,1,,,1,,,1,,,1,,
user_20,2,259_2,5,非法占有目的；盗窃他人财物数额较大；侵犯他人财产所有权；,非法占有目的；盗窃他人财物数额较大；侵犯他人财产所有权；,5,私自多装纯碱15万吨；数额人民币19650元；共同犯罪；退赃退赔；,私自偷开他人汽车，拉走他人稻谷16.6万吨；数额人民币47140元；共同犯罪；退赃退赔；,1,,,5,第二百六十五条 【盗窃罪】以牟利为目的，盗接他人通信线路、复制他人电信码号或者明知是盗接、复制的电信设备、设施而使用的，依照本法第二百六十四条的规定定罪处罚。,第二百六十五条 【盗窃罪】以牟利为目的，盗接他人通信线路、复制他人电信码号或者明知是盗接、复制的电信设备、设施而使用的，依照本法第二百六十四条的规定定罪处罚。,5,盗窃他人财物，数额较大；,盗窃他人财物，数额较大；,1,,
user_20,0,4891_4,5,醉酒驾驶机动车；随意殴打、辱骂他人；妨碍公务；,非法占有目的；盗窃数额较大财物；侵犯他人财产所有权；,5,酒后滋事；酒后驾驶机动车辆；孙小寨拒不配合，并辱骂出警人员；,以非法占有为目的，多次秘密窃取他人财物，价值达46029元，数额较大；,1,,,5,"第一百三十三条 之一　【危险驾驶罪】在道路上驾驶机动车，有下列情形之一的，处拘役，并处罚金：
（一）追逐竞驶，情节恶劣的；
（二）醉酒驾驶机动车的；
（三）从事校车业务或者旅客运输，严重超过额定乘员载客，或者严重超过规定时速行驶的；
（四）违反危险化学品安全管理规定运输危险化学品，危及公共安全的。
机动车所有人、管理人对前款第三项、第四项行为负有直接责任的，依照前款的规定处罚。
有前两款行为，同时构成其他犯罪的，依照处罚较重的规定定罪处罚。
第二百七十七条 【妨害公务罪】以暴力、威胁方法阻碍国家机关工作人员依法执行职务的，处三年以下有期徒刑、拘役、管制或者罚金。
以暴力、威胁方法阻碍全国人民代表大会和地方各级人民代表大会代表依法执行代表职务的，依照前款的规定处罚。
在自然灾害和突发事件中，以暴力、威胁方法阻碍红十字会工作人员依法履行职责的，依照第一款的规定处罚。
故意阻碍国家安全机关、公安机关依法执行国家安全工作任务，未使用暴力、威胁方法，造成严重后果的，依照第一款的规定处罚。
第二百九十三条 【寻衅滋事罪】有下列寻衅滋事行为之一，破坏社会秩序的，处五年以下有期徒刑、拘役或者管制：
（一）随意殴打他人，情节恶劣的；
（二）追逐、拦截、辱骂、恐吓他人，情节恶劣的；
（三）强拿硬要或者任意损毁、占用公私财物，情节严重的；
（四）在公共场所起哄闹事，造成公共场所秩序严重混乱的。
纠集他人多次实施前款行为，严重破坏社会秩序的，处五年以上十年以下有期徒刑，可以并处罚金。",第二百六十四条 【盗窃罪】盗窃公私财物，数额较大的，或者多次盗窃、入户盗窃、携带凶器盗窃、扒窃的，处三年以下有期徒刑、拘役或者管制，并处或者单处罚金；数额巨大或者有其他严重情节的，处三年以上十年以下有期徒刑，并处罚金；数额特别巨大或者有其他特别严重情节的，处十年以上有期徒刑或者无期徒刑，并处罚金或者没收财产。,5,危险驾驶罪；寻衅滋事罪；妨害公务罪；,盗窃罪,1,,
user_20,7,4829_4,5,开设赌场；非法拘禁；故意伤害致人死亡；毁灭罪证；故意毁坏他人财物；数额较大；侵犯他人财产所有权；,故意毁坏财物；数额较大；侵犯他人财产所有权；,5,开设游戏厅，设置具有赌博功能的游戏机32台供他人进行赌博活动；殴打并限制人身自由；毁灭罪证；持木棍毁坏车辆；,保酒后又闯入村委会，砸碎了窗户玻璃14块，砸坏办公室内的扩音机、电话机、验钞器、铝壶、铁炉子和桌椅等，烧毁计划生育帐卡，给村委会造成经济损失2012元；,1,,,5,第二百七十五条 【故意毁坏财物罪】故意毁坏公私财物，数额较大或者有其他严重情节的，处三年以下有期徒刑、拘役或者罚金；数额巨大或者有其他特别严重情节的，处三年以上七年以下有期徒刑。,第二百七十五条 【故意毁坏财物罪】故意毁坏公私财物，数额较大或者有其他严重情节的，处三年以下有期徒刑、拘役或者罚金；数额巨大或者有其他特别严重情节的，处三年以上七年以下有期徒刑。,5,故意毁坏财物罪；开设赌场罪；非法拘禁罪；故意伤害致人死亡；帮助毁灭、伪造证据罪；,故意毁坏财物罪,1,,
user_20,1,330_3,5,非法占有为目的；盗窃他人财物；数额较大；侵犯他人财产所有权；,非法占有为目的；暴力、胁迫被害人；抢劫数额较大财物；侵害他人财产所有权与人身安全,5,砸坏车窗，盗走车内一台价值人民币2587元的捷渡行车记录仪；,适用假抢、长刀进行威胁；抢劫财物，数额巨大；,1,,,5,第二百六十四条 【盗窃罪】盗窃公私财物，数额较大的，或者多次盗窃、入户盗窃、携带凶器盗窃、扒窃的，处三年以下有期徒刑、拘役或者管制，并处或者单处罚金；数额巨大或者有其他严重情节的，处三年以上十年以下有期徒刑，并处罚金；数额特别巨大或者有其他特别严重情节的，处十年以上有期徒刑或者无期徒刑，并处罚金或者没收财产。,"第二百六十三条 【抢劫罪】以暴力、胁迫或者其他方法抢劫公私财物的，处三年以上十年以下有期徒刑，并处罚金；有下列情形之一的，处十年以上有期徒刑、无期徒刑或者死刑，并处罚金或者没收财产：
（一）入户抢劫的；
（二）在公共交通工具上抢劫的；
（三）抢劫银行或者其他金融机构的；
（四）多次抢劫或者抢劫数额巨大的；
（五）抢劫致人重伤、死亡的；
（六）冒充军警人员抢劫的；
（七）持枪抢劫的；
（八）抢劫军用物资或者抢险、救灾、救济物资的。
",5,盗窃罪,抢劫罪,4,盗窃他人数额较大财物,以暴力、胁迫等方式，抢劫他人财物数额较大
user_20,4,1972_1,5,持械聚众斗殴；聚众斗殴人数多，规模大，社会影响恶劣；聚众斗殴，致人重伤、死亡；严重扰乱社会秩序；,持械聚众斗殴；聚众斗殴人数多，规模大，社会影响恶劣；聚众斗殴，致人重伤、死亡；严重扰乱社会秩序；,5,携带匕首、砍刀等工具；聚集打斗；致被害人岳兵受伤后经抢救无效死亡；,携带尖刀等器械与他人聚众斗殴；致人重伤、死亡；,1,,,5,"第二百九十二条 【聚众斗殴罪】聚众斗殴的，对首要分子和其他积极参加的，处三年以下有期徒刑、拘役或者管制；有下列情形之一的，对首要分子和其他积极参加的，处三年以上十年以下有期徒刑：
（一）多次聚众斗殴的；
（二）聚众斗殴人数多，规模大，社会影响恶劣的；
（三）在公共场所或者交通要道聚众斗殴，造成社会秩序严重混乱的；
（四）持械聚众斗殴的。
聚众斗殴，致人重伤、死亡的，依照本法第二百三十四条、第二百三十二条的规定定罪处罚。
","第二百九十二条 【聚众斗殴罪】聚众斗殴的，对首要分子和其他积极参加的，处三年以下有期徒刑、拘役或者管制；有下列情形之一的，对首要分子和其他积极参加的，处三年以上十年以下有期徒刑：
（一）多次聚众斗殴的；
（二）聚众斗殴人数多，规模大，社会影响恶劣的；
（三）在公共场所或者交通要道聚众斗殴，造成社会秩序严重混乱的；
（四）持械聚众斗殴的。
聚众斗殴，致人重伤、死亡的，依照本法第二百三十四条、第二百三十二条的规定定罪处罚。
",5,聚众斗殴罪,聚众斗殴罪,1,,
user_20,5,1405_2,5,非法占有为目的；虚构事实、隐瞒真相；数额巨大；侵犯他人财产所有权；,非法占有为目的；虚构事实、隐瞒真相；数额巨大；侵犯他人财产所有权,5,虚构家中出事急用钱、愿意与任某结婚为由，多次虚构其要出国学习、培训，急用钱等虚假信息等虚假信息骗取被害人信任，骗取被害人任某的钱财共计人民币902500元；,虚构镇宁农村信用社大数据项目，以提供20万保证金参与投标为由，骗取任某1的信任，骗取20万元；,1,,,5,第二百六十六条 【诈骗罪】诈骗公私财物，数额较大的，处三年以下有期徒刑、拘役或者管制，并处或者单处罚金；数额巨大或者有其他严重情节的，处三年以上十年以下有期徒刑，并处罚金；数额特别巨大或者有其他特别严重情节的，处十年以上有期徒刑或者无期徒刑，并处罚金或者没收财产。本法另有规定的，依照规定。,第二百六十六条 【诈骗罪】诈骗公私财物，数额较大的，处三年以下有期徒刑、拘役或者管制，并处或者单处罚金；数额巨大或者有其他严重情节的，处三年以上十年以下有期徒刑，并处罚金；数额特别巨大或者有其他特别严重情节的，处十年以上有期徒刑或者无期徒刑，并处罚金或者没收财产。本法另有规定的，依照规定。,5,诈骗罪,诈骗罪,1,,
user_20,3,2132_1,5,故意伤害他人身体；致人重伤；侵犯他人身体健康权；,故意伤害他人身体；致人重伤、轻伤；侵犯他人身体健康；,5,发生争吵；用随身携带的折叠刀先后捅刺；重伤二级；共同犯罪；,因琐事发生打斗；尖刀刺伤；重伤二级；轻伤二级；共同犯罪；,1,,,5,"第二百三十四条 【故意伤害罪】故意伤害他人身体的，处三年以下有期徒刑、拘役或者管制。
犯前款罪，致人重伤的，处三年以上十年以下有期徒刑；致人死亡或者以特别残忍手段致人重伤造成严重残疾的，处十年以上有期徒刑、无期徒刑或者死刑。本法另有规定的，依照规定。
","第二百三十四条 【故意伤害罪】故意伤害他人身体的，处三年以下有期徒刑、拘役或者管制。
犯前款罪，致人重伤的，处三年以上十年以下有期徒刑；致人死亡或者以特别残忍手段致人重伤造成严重残疾的，处十年以上有期徒刑、无期徒刑或者死刑。本法另有规定的，依照规定。
",5,故意伤害罪,故意伤害罪,1,,
user_21,8,4719_3,4,故意伤害；危险方法；致人重伤,过失；违反交通管理运输法规；致人重伤或死亡,4,发生口角；驾车加速撞击；轻伤二级,无证驾驶无号牌机动车；致一人死亡；负事故全部责任,3,主观上有伤害的故意,主观上无故意，仅为过失,1,,,1,,,1,,
user_21,12,6282_4,4,非国家工作人员；利用职务便利；索取他人或收受他人财物；为他人谋取利益,非国家工作人员；利用职务便利；将本单位资金借贷给他人；,4,村委会主任；索要好处费30万元，索要方式要求张某甲帮其归还借款；提议将该村的小石渣运输业务转包给张某甲；张某甲通过其妻向其债权人偿还借款30万元,村委会主任；利用职务之便，将村集体资金31万元挪用给该村村民张某丁；用于购买原沂南县群星学校；该款张某丁于2014年3月6日归还村集体,1,,,1,,,1,,,1,,
user_21,9,3805_4,4,索取债务；拘禁扣押他人；殴打；限制人身自由,主观上有杀人的故意；杀人的行为；致人死亡；因果关系,4,索债；与其同住、看管并限制人身自由；烫伤；致人轻伤,对被害人的死亡持间接故意；帮助自杀；致人死亡；且帮助行为与死亡结果有因果关系,1,,,1,,,1,,,1,,
user_21,15,2331_1,4,过失；违反交通运输法规；发生重大事故；致人重伤、死亡或者使公私财产遭受重大损失,过失；违反交通运输法规；致人重伤、死亡或者使公私财产遭受重大损失,4,过失；醉酒驾车；致人死亡；车辆受损；负事故主要责任,过失；醉酒驾车；致人重伤；车辆受损；负事故主要责任,1,,,1,,,1,,,1,,
user_21,13,6094_3,4,以非法占有为目的；敲诈勒索公私财物；金额巨大,非国家工作人员；非法占有的目的；利用职务便利；索取他人财物；为他人谋取利益,4,李大良以第二中标候选人身份；口头举报并告知受害人要求赔偿损失；以废标相威胁逼迫受害人钱数协议缴纳封口费；被害人缴纳封口费,利用自己担任评标专家的职务之便；非法收受他人财物144万元，从中分得34.5万元；为他人谋取利益，数额巨大,1,,,1,,,1,,,1,,
user_21,14,6046_2,4,以非法占有为目的；以暴力、胁迫或者其他方法；抢劫公私财物,严重破坏经济、社会生活秩序的黑社会性质的组织；暴力、威胁或者其他手段；有组织的进行违法犯罪活动,4,为解决经济纠纷；强行将受害人看管至一处；并采取殴打威胁的方式；要求其承诺放弃经济利益并签署新的欠条；具有非法占有他人财物的目的,建立公司并形成稳定的黑社会性质组织；该组织分工明确管控严密；该组织为最大限度侵占被害人财产；该组织通过“套路贷”方式，强立债权，强行索债，以小额贷款为名行暴力催收之实，非法侵占被害人财产，实施抢劫、敲诈勒索犯罪；严重扰乱社会秩序并损害被害人的人身和财产权益,1,,,1,,,1,,,1,,
user_21,11,6394_2,4,国家工作人员；非法占有的目的；利用职务上的便利；索取他人财物的，或者非法收受他人财物；为他人谋取利益的,国家工作人员；非法占有的目的；利用职务上的便利；索取他人财物的，或者非法收受他人财物；为他人谋取利益的,4,国有资产经营有限公司党委书记、董事长；利用职务便利；索要他人人民币200000元,汪良利担任北京人民广播电台台长；利的职务便利；接受王某1请托，为王某1实际控制的相关公司谋取利益,1,,,1,,,1,,,1,,
user_21,10,3862_1,4,以非法占有为目的；以暴力、胁迫或者其他方法；抢劫公私财物,非法拘禁他人；或者以其他方法非法剥夺他人人身自由,4,以暴力手段将受害人掳至车内后又拘禁在房间内；捡走受害人手机并强迫受害人说出面；适用殴打以及言语威胁的方式要求其赔偿假表损时；从ATM中取钱并分赃；周某构成轻微伤；共犯,维权；以欺骗的手段将受害人骗至车内；言语协商；协商未果便采取暴力、恐吓的手段限制姚某某人身自由，造成姚某某颈部轻微伤；共犯,1,,,1,,,1,,,1,,
user_22,8,4719_4,5,故意伤害；轻伤二级,非法占有目的；暴力、胁迫手段；违背妇女意志；暴力、胁迫强奸妇女；共同犯罪,2,发生口角,持刀威胁；2800元,1,,,1,,,1,,,1,,
user_22,9,3805_3,5,为索取债务；非法拘禁；殴打；轻伤二级,违背妇女意志；强行发生性关系；共同犯罪；非法占有目的；殴打；抢劫财物,3,存在借贷关系；赔偿；谅解,持刀威胁；400元,1,,,1,,,1,,,1,,
user_22,12,6282_1,5,非国家工作人员；利用职务便利；非法索取他人财物；为他人谋取利益,非国家工作人员；利用职务便利；非法收受他人财物；数额较大,3,帮忙偿还借款30万元,97854元,1,,,1,,,1,,,1,,
user_22,14,6046_3,5,共同犯罪；教唆犯；非法占有目的；殴打；非法拘禁,殴打；轻伤二级,2,“辛苦费”5万元；轻微伤,发生口角；轻微伤,1,,,1,,,1,,,1,,
user_22,15,2331_4,5,醉酒驾驶机动车；违反交通法规；主要责任；次要责任；被害人死亡；,醉酒；违背妇女意志；与之发生性关系,3,醉酒；无证驾驶无号牌,醉酒；无意识状态不知反抗,1,,,1,,,1,,,1,,
user_22,13,6094_2,5,非法占有目的；要挟；强行索取他人财物,非法占有目的；要挟；强行索取他人财物,2,以“让其失去第一中标候选人的资格”相要挟,以揭发隐私相要挟,1,,,1,,,1,,,1,,
user_22,11,6394_1,5,国家工作人员；利用职务之便；索取他人财物,国家工作人员；利用职务之便；非法收受他人财物；为他人谋取利益,3,以不催借款为由，向他人索取财物,帮助他人承揽工程；帮助支付运输费,1,,,1,,,1,,,1,,
user_22,10,3862_2,5,非法占有目的；殴打；非法拘禁；共同犯罪,非法占有目的；胁迫；共同犯罪,2,怀疑骗钱；强行拖入车中；殴打他人；轻微伤；,心生不满；持刀恐吓,1,,,1,,,1,,,1,,
user_23,14,6046_4,5,抢劫罪；以暴力、胁迫或者其他方法抢劫公私财物的；多次抢劫或者抢劫数额巨大的,诈骗罪；空放”走账虚假放贷；诈骗公私财物数额较大,5,被告人受指示，为解决经济纠纷，将被害人带至他处看管；采用殴打及言语威胁等方式，逼迫承诺放弃经济利益，逼迫被害人出具欠条支付“辛苦费”；亲属代为赔偿,居间介绍下，被告人将被害人带至一拉面店；以资金走账的方式“空放借款，被害人分文未取；空放”走账虚假放贷；亲属代为赔偿,1,,,1,抢劫罪,诈骗罪,1,,,1,,
user_23,15,2331_3,5,交通肇事；违反交通运输管理法规，因而发生重大事故，致人重伤、死亡或者使公私财产遭受重大损失的,以危险方法危害公共安全；以其他危险方法致人重伤、死亡或者使公私财产遭受重大损失的,5,醉酒后无证驾驶无号牌；撞上同样醉酒的机动车并将搭乘人撞死，并且两车损坏；血液中乙醇含量明显超标，达到醉酒标准。,未取得机动车驾驶证且醉酒驾驶机动车；造成一人死亡、六车损坏；血液中酒精含量明显超标，达到醉酒标准。,1,,,1,,,5,交通肇事罪,以危险方法危害公共安全罪,1,,
user_23,8,4719_1,5,故意伤害；故意伤害他人身体的，致人重伤,故意伤害；故意伤害他人身体的，致人死亡,5,发生口角，驾车尾随；趁其不备，加速撞击；受伤倒地，轻伤二级,伺机猥亵，驾车尾随；靠近踢了一脚；摔倒在地，致其死亡,1,,,1,,,1,故意伤害罪,故意伤害罪,1,,
user_23,10,3862_3,5,盗窃公私财物数额较大的；以暴力、胁迫或者其他方法抢劫公私财物的,盗窃公私财物，数额较大的,5,捡起他人掉落在地上的手机据为己有；强迫他人交出银行卡及密码，进行取款。,以非法占有为目的，将车子抵押，获得抵押款后再将车子偷开回来。,1,,,1,,,1,,,1,,
user_23,13,6094_1,5,诈勒索公私财物，数额较大；并多次敲诈勒索,以非法占有为目的，以揭发他人存在违法行为相要挟，强行索取他人财物，数额特别巨大；并多次敲诈勒索,5,以被害人不符合招标规定进行举报；多次向被害人索要封口费,以存在借用招标资质、施工管理混乱、以次充好为要挟；多次向被害人发送短信索要大额财物,1,,,1,,,5,敲诈勒索罪,敲诈勒索罪,1,,
user_23,11,6394_4,5,国家工作人员；利用职务便利，索要财物数额巨大；如实交代，并积极退赃。,以非法占有为目的，在签订、履行合同过程中，骗取对方当事人财物，数额较大的；公司、企业或者其他单位的工作人员，利用职务上的便利，索取他人财物或者非法收受他人财物,5,国家工作人员；利用职务便利，索要财物数额巨大；如实交代，并积极退赃。,非国家工作人员；隐瞒事实真相，同被害人签订虚假合同，造成被害人财产损失巨大；利用职务便利，索要玉石数额较大；积极退赃,1,,,1,,,5,受贿罪,合同诈骗罪；非国家工作人员受贿罪,1,,
user_23,12,6282_2,5,利用村委会主任的职务便利，收受他人贿赂，为他人谋取利益，数额较大。,利用总监理的职务之便，收受他人贿赂，为他人谋取利益，数额较大。,5,村委会主任；利用职务便利；将承运小石渣的项目给予他人；并收受好处费30万元,小区监理经理；利用职务便利；将项目给予他人，并收受点子费数额较大。,1,,,1,,,5,非国家工作人员受贿罪,非国家工作人员受贿罪,1,,
user_23,9,3805_2,5,有借贷关系，为使其还钱进行的非法拘禁，造成被害人身体伤害的只认定为非法拘禁，不认定为抢劫。非法拘禁他人或者以其他方法非法剥夺他人人身自由的。,以推销商品为名，以发展人数的数量作为返利依据，引诱、胁迫参加者继续发展他人参加，骗取财物，扰乱市场经济秩序和社会管理秩序，侵犯了公民的财产所有权。非法拘禁他人或者以其他方法非法剥夺他人人身自由的。,5,存在借贷关系；为迫使被害人还钱，防止其逃跑便与其同住进行看管，限制人身自由；其间采取用手铐铐、开水烫、不让吃饭等手段；造成轻伤二级，轻微伤二级,骗被害人至其窝点，限制人身自由，并强制被害人交出随身携带的财物接受“上课”；管家采取锁门、看守等方式限制被骗人员的人身自由。,1,,,1,,,5,非法拘禁罪,组织、领导传销活动罪；非法拘禁罪,1,,
user_24,11,6394_3,4,利用职业便利索取贿赂；自首,为了谋取不正当利益；受贿；自首,4,主动索要,主动行贿,1,,,1,,,1,,,1,,
user_24,8,4719_2,3,故意伤害；轻伤二级,故意伤害；致人死亡,4,驾车撞击；致人轻伤,钢管殴打头部，致人死亡,1,,,1,,,1,,,1,,
user_24,9,3805_1,4,非法拘禁；索要债务；轻伤二级,非法拘禁；索要债务；轻伤二级,3,限制人身自由；殴打,限制人身自由；殴打,1,,,1,,,1,,,1,,
user_24,13,6094_4,4,敲诈勒索；中标举报,串通投标；共同犯罪,4,合理投标；举报威胁,违法投标；互相串通；买通专家,1,,,1,,,1,,,1,,
user_24,10,3862_4,4,限制自由；夺取财物；使用暴力；抢劫,欺骗他人；趁机盗窃；,4,轻微伤；限制自由；夺取手机；获取银行卡密码,微信欺骗他人；秘密窃取；多次盗窃,1,,,1,,,1,,,1,,
user_24,12,6282_3,4,非国家工作人员受贿罪；要求好处费,挪用资金罪；营利活动；非国家工作人员,4,索取贿赂；村委会主任,村委会主任；挪用资金,1,,,1,,,1,,,1,,
user_24,15,2331_2,4,危险驾驶；交通肇事；醉酒,醉酒；危险驾驶,3,醉酒；撞车；致人死亡,醉酒；发生事故；车辆剐蹭,1,,,1,,,1,,,1,,
user_24,14,6046_1,4,非法拘禁；抢劫,非法拘禁；敲诈勒索；寻衅滋事,4,限制人身自由；殴打威胁；强行获取经济利益,限制人身自由；随意打砸；威胁勒索钱财,1,,,1,,,1,,,1,,
user_25,4,1972_2,3,互相约定、携带凶器进行互殴、致一人死亡,发生冲突后肆意报复、携带凶器、致被害人轻伤二级,4,发生言语冲突，携带匕首、砍刀等凶器，发生互相殴打，致一人抢救无效死亡,发生冲突，携带凶器伺机报复，故意进行伤害，致被害人轻伤二级,1,,,3,考虑构成寻衅滋事罪，同时考虑寻衅滋事罪与聚众斗殴罪构成要件的不同,考虑其中存在故意伤害情节，并且持械进行聚众斗殴,1,,,1,,
user_25,0,4891_1,5,醉酒驾驶、妨害公务、主动投案,醉酒驾驶，妨害公务、主动投案，主动赔偿,5,酒后驾驶、拒不配合并辱骂出警人员，使用剪刀辱骂并威胁出警人员、主动投案，如实交代犯罪事实,酒后驾驶并逃逸、拒不配合，威胁辱骂民警及协警，致民警轻微伤，主动投案，主动赔偿经济损失,2,,是否构成自首,2,妨害公务罪的构成要件,危险驾驶罪的构成要件,1,,,1,,
user_25,5,1405_1,5,以非法占有为目的、虚构事实、多次让被害人汇款,以非法占有为目的、虚构事实、多次让多个被害人汇款,5,虚构事实多次让任某汇款、隐瞒自身已婚已育情况、骗取被害人财物902500元、用于个人消费,虚构自己的身份，假借恋爱之名骗取被害人的信任；多次编造虚假理由骗取多个被害人共计56.085万元。,1,,,1,,,1,,,1,,
user_25,1,330_2,5,以非法占有为目的、同谋、实施了盗窃财物的行为、犯罪既遂,以非法占有为目的、同谋、实施了盗窃财物的行为、犯罪既遂,5,杨海负责放风；被告人陈洪凯使用螺丝刀将丰田轿车副驾驶车窗砸坏，盗走车内一台价值人民币2587元的捷渡行车记录仪,"被告人肖某某伙同郭海文、冯东明（上述两人均已判刑）商量到佛冈县石角镇安邦财产保险股份有限公司清远中心支公司佛冈营销服务部办公室盗窃财物；三人盗得电脑四台、液晶电视一台。经鉴定，被盗数码相机价值为人民币380元，被盗的四台电脑和液晶电视的价值共为人民币2655元。
",1,,,1,,,1,,,1,,
user_25,3,2132_4,5,故意伤害、致两人重伤二级,在公共场合售卖管制刀具,5,蔡某与王某与被告人陈建军发生争吵并引发揪打，用随身携带的折叠刀先后捅刺蔡某、王某，致被害人蔡某、王某全身多处损伤；后经鉴定，损伤均为重伤二级,被告人郎某某在昆明市官渡区大树营中营单身公寓旁的道路上售卖弹簧刀、匕首等刀具；民警查获并认定均属于管制刀具,1,,,1,,,1,,,1,,
user_25,7,4829_3,3,以盈利为目的开设赌场、故意伤害、非法拘禁、非法拘禁致人死亡、毁灭证据、故意毁坏他人财物,绑架、故意伤害、致被害人死亡,5,设置具有赌博功能的游戏机32台供他人进行赌博活动；被告人钱盛杰因王某1曾侵吞游戏厅钱款之事用棒球棍殴打王某1、拘禁王某1；发现王某1死亡后销毁罪证；企图以报假案的方式逃避法律追究；故意将高某汽车砸坏,密谋绑架；殴打王某并索要5000元；王某死亡,1,,,1,,,1,,,1,,
user_25,2,259_3,4,以非法占有为目的；诈骗罪,以非法占有为目的；诈骗罪,4,授意被告人汪某甲帮其多装货，并承诺叉车每多叉一板纯碱（1.5吨）给被告人汪某甲人民币350元；后被告人一伙向被告人刘某甲驾驶的车鄂A×××××货车上多装载了15吨纯碱,赵某，并商定由被告人刘某、赵某分别驾驶经改装后加设水箱的沪D×××××、沪B×××××货车，采用事先空车加水过磅，放水后装货再过磅减少结算重量的方式骗取李某乙的废钢。,1,,,1,,,1,,,1,,
user_26,1,330_1,4,非法占有为目的；实施盗窃；共同犯罪；数额较大；侵犯他人财产所有权,非法占有为目的；实施盗窃；共同犯重；多次盗窃；数额较大；侵犯他人财产所有权,4,被告人陈洪凯使用螺丝刀将丰田轿车副驾驶车窗砸坏；盗走车内一台价值人民币2587元的捷渡行车记录仪；被告人杨海负责放风；价值人民币2587元,玻璃砸碎；盗窃车内等等；盗窃8起；盗窃数额累计人民币27731.32元,1,,,1,,,1,,,1,,
user_26,7,4829_2,4,故意伤害致人死亡；非法拘禁；共同犯罪,故意伤害致人死亡；聚众斗殴；共同犯罪,4,在王某1被拘禁期间，钱盛杰多次用棍棒打击王某1臀部，李忠多次用拳头、巴掌打击王某1头面部，姚升党在得知游戏厅钱款系被王某1侵吞后用脚踢踹王某1，后又在钱盛杰指使下，持棍棒打击王某1臀部，高春震亦曾用脚踢踹王某1。此外，钱盛杰、李忠、姚升党还以挨冻、钱盛杰还以让王某1喝冰毒过滤水的方式体罚王某1；王某1因全身多处被钝性物体多次打击致挤压综合征死亡；限制王某1自由,期间，因盛安琪怀疑对方人员准备了凶器，双方发生争执并扭打起来，王强、杨龙、侯万剑、王志富、侯桂雷、栾家平六人见状，即上前帮助盛安琪以拳打脚踢的方式殴打王某丙、黄某、王某丁，继而从侯万剑驾驶的尼桑车内拿出侯万剑、侯桂雷事先准备的木棍对对方三人进行殴打，致对方三人身体多处部位受伤；王某丙经抢救无效死亡。,1,,,1,,,1,,,1,,
user_26,4,1972_3,4,聚众斗殴；故意伤害；共同犯罪,寻衅滋事；故事损害财物；共同犯罪,3,被告人杜晓萱、严黎明纠集被告人刘泽文、张小斌及焦甜甜（已不诉）等人携带匕首、砍刀等工具，乘车窜至渭南市区渭蒲大桥西侧100米处防洪梁上，与聚集在此的被告人XX及其纠集的被告人王一凡、方晨、牛文博、易某甲、苏浩及本案被害人岳兵和白佳豪、张珂、李庆国、苏永雄（均在逃）等人发生打斗,站在院子里大喊：“小文，小文，你在哪里，今天非弄死你不行”，任某某听到后躲在屋里不敢出来；对任某某停放在院子里的一辆牌照为豫HKxxxx的车进行打砸；等人手持木棍站在院子里助威；,1,,,1,,,1,,,1,,
user_26,0,4891_2,4,危险驾驶；妨碍公务；,危险驾驶；限定刑事责任,4,从涡阳县花沟镇孙瓦房村行驶至陈大镇姜洼行政村孙黑楼自然村；有酒后驾驶机动车辆的嫌疑；其血液酒精含量达到151.2503mg／100ml，属醉酒状态；被告人孙小寨又对涡阳县公安局工作人员进行辱骂,被告人刘从伟饮酒后驾驶鲁B×××××号桑塔纳轿车沿青岛市延安二路南向北行驶至道口路时，与刘某1驾驶的鲁B×××××号小型越野车发生碰撞，随后又与一辆出租车发生碰撞，致三车受损。后被当场查获。经鉴定，刘从伟血液中乙醇含量为244mg／100ml；经青岛市精神卫生中心司法鉴定所鉴定，刘从伟系双相情感障碍，案发时为躁狂状态，限定刑事责任能力。,1,,,1,,,1,,,1,,
user_26,5,1405_4,4,非法占有目的；故意隐瞒；虚构事实；诈骗,非法占有目的；故意隐瞒；虚构事实；诈骗,4,虚构家中出事急用钱等虚假信息，二次让任某向其汇款。2008年下半年后，李芬梅又以愿意与任某结婚为由，隐瞒其真实身份及已生育子女的事实，骗得任某的信任后，虚构各种事实多次让任某向其汇款；骗得任某的信任后，二人又继续以短信、微信等方式交往，在此期间，李芬梅于2013年6月，与赵某登记结婚，亦对赵某隐瞒个人信息及家庭等真实情况。李芬梅在与被害人任某继续交往中，多次虚构其要出国学习、培训，急用钱等虚假信息，多次让任某给其汇款，其间，李芬梅对任某隐瞒其已结婚和生育子女等事实；被告人李芬梅先后骗取被害人任某的钱财共计人民币902500元,被告人王维彪隐瞒其已婚的事实，与被害人珠斯冷发展恋爱关系。在取得珠斯冷的信任后，王维彪以家中父亲病重动手术缺钱为由向珠斯冷借钱，先后骗取了珠斯冷的131000元；王维彪以非法占有为目的，隐瞒事实真相，多次骗取他人财物共计131000元，数额巨大，其行为已构成诈骗罪。,1,,,1,,,1,,,1,,
user_26,2,259_4,4,非法占有；盗窃,倾到危险废物；污染环境,4,持该公司开具的15吨纯碱《分次发运单》出货；当晚被告人刘某甲将30吨纯碱运至被告人刘某乙位于湖北省武汉市东西湖区吴家山中小企业城38栋的住处，被告人刘某乙在明知纯碱是赃物的情况下，仍以每吨人民币1210元的价格购买24吨纯碱；,被告人张某甲将连云港盈润化工有限公司生产过程中产生的含硫酸化工废水以每吨90元的价格交由无处理化工污水资质的被告人张某乙处理。被告人张某乙又让被告人胡某甲、袁某提供倾倒化工废水地点，并给付一定的报酬；污水流入了响水县陈家港镇境内的灌河；一审判决认定上诉人张某甲犯污染环境罪，事实清楚，证据确实,1,,,1,,,1,,,1,,
user_26,3,2132_3,4,随意殴打他人；故意伤害；致他人重伤,随意殴打他人；故意伤害；聚众斗殴；致他人轻伤,3,发生争吵并引发揪打；捅刺；重伤二级,发生拉扯并互相殴打；互拳打脚踢，捅刺；损伤程度为轻微伤,1,,,1,,,1,,,1,,
user_27,2,259_1,5,共同故意；秘密转移财物占有，明知是赃物而收购,共同故意；秘密转移财物占有，明知是赃物而收购,5,被告人刘某甲授意其他被告人多装货；被告人刘某乙明知是赃物仍然收购；公司仓库,被告人交叉结伙盗窃；被告人刘某乙明知是赃物仍然收购；工地厂区,1,,,1,,,1,,,1,,
user_27,4,1972_4,5,持械聚众斗殴；致人死亡,嫖宿幼女；容留、介绍卖淫,5,约场子打架；手持匕首；抢救无效死亡,明知为幼女仍介绍、容留卖淫；明知为中学生仍与之发生性关系,1,,,1,,,1,,,1,,
user_27,7,4829_1,5,追逐拦截他人，任意损毁公私财物；以营利为目的开设赌场,任意损毁财物；以营利为目的开设赌场,5,设置具有赌博功能的游戏机32台；敲砸损坏汽车门窗保险杠；,设置具有赌博功能的游戏机4台；敲砸损坏游戏机；,1,,,1,,,1,,,1,,
user_27,1,330_4,5,故意毁坏公私财物；转移财产占有,以暴力方法阻碍国家工作人员执行职务,5,砸坏汽车车窗；路边,撞倒警用车辆，刮擦其他待检车辆；查车点,1,,,1,,,1,,,1,,
user_27,5,1405_3,5,虚构事实、隐瞒真相，骗取财物,有配偶与他人重婚；具有抚养义务而拒绝抚养,5,隐瞒真实身份，虚构虚假信息骗取被害人财物,已有配偶，仍然以夫妻名义与他人共同生活；故意遗弃具有抚养义务的亲属,1,,,1,,,1,,,1,,
user_27,0,4891_3,5,醉酒驾驶机动车；以暴力、威胁方法阻碍国家机关工作人员依法执行职务,起哄闹事、破坏社会秩序,5,醉酒状态驾驶机动车；拒不配合民警执行公务，威胁、辱骂民警,阻碍施工，打伤施工人员,1,,,1,,,3,危险驾驶罪，妨害公务罪,寻衅滋事罪,1,,
user_27,3,2132_2,5,故意伤害他人身体，致人重伤,故意伤害他人身体，致人重伤,5,酒后，用折叠刀捅刺被害人，重伤二级,酒后，用刀乱砍乱捅，重伤二级,1,,,1,,,1,,,1,,
user_28,0,4891_4,5,在道路上驾驶机动车、醉酒驾驶机动车、以暴力、威胁方法阻碍国家机关工作人员依法执行职务,以非法占有为目的、盗窃公私财物、数额较大、多次盗窃,5,酒后驾驶、拒不配合、威胁并辱骂出警人员,多次盗走、价值达46029元,1,,,1,,,1,,,1,,
user_28,7,4829_4,5,故意毁坏公私财物、数额较大,故意毁坏公私财物、数额较大,5,持木棍将董某所驾驶牌照号津Q×××××别克汽车后挡风玻璃、后备箱、左后视镜、前保险杠及右侧车门框砸坏、持木棍将汽车右前门玻璃、右前车门、右后车门、后保险杠砸坏、损失金额共计人民币2630.9元,砸碎了窗户玻璃14块、砸坏办公室内的扩音机、电话机、验钞器、铝壶、铁炉子和桌椅等、烧毁计划生育帐卡、给村委会造成经济损失2012元,1,,,1,,,1,,,1,,
user_28,3,2132_1,5,故意伤害他人身体、致人重伤,故意伤害他人身体、致人重伤,5,争吵、揪打、捅刺、重伤二级,口角、打斗、刺伤、殴打、重伤二级,1,,,1,,,1,,,1,,
user_28,2,259_2,5,盗窃公私财物、数额较大,盗窃公私财物、数额较大,4,多装载了15吨纯碱、非法占有的纯碱共计价值人民币19650元,盗窃的16.6吨水稻、价值人民币49800元,1,,,1,,,1,,,1,,
user_28,1,330_3,5,盗窃公私财物、数额较大,以暴力、胁迫方法抢劫公私财物、在公共交通工具上、持枪,5,放风，使用螺丝刀将丰田轿车副驾驶车窗砸坏，盗走车内一台价值人民币2587元的捷渡行车记录仪,枪状物指着叶某并以对其实施伤害相威胁，抢得叶某现金人民币300元、苹果6S手机1部（无法核价）及上述小型轿车（价值人民币110000元），之后又威胁叶某到银行柜员机提取了现金人民币2000元,1,,,1,,,1,,,1,,
user_28,5,1405_2,5,诈骗公私财物，数额巨大,诈骗公私财物，数额巨大,5,虚构家中出事急用钱等虚假信息、隐瞒其真实身份及已生育子女的事实、多次虚构其要出国学习、培训，急用钱等虚假信息、先后骗取被害人任某的钱财共计人民币902500元,虚构镇宁农村信用社大数据项目、20万保证金,1,,,1,,,1,,,1,,
user_28,4,1972_1,5,聚众斗殴、在公共场所或者交通要道聚众斗殴、故意伤害他人身体、致人死亡,聚众斗殴、故意伤害他人身体、致人死亡,4,争吵、谩骂、打架、携带匕首、砍刀等工具、渭南市区渭蒲大桥西侧100米处防洪梁上、聚集、打斗、匕首乱戳对方、抢救无效死亡,江杨南路大桥下、尖刀、纠集、殴斗、死亡、重伤,1,,,1,,,4,,,1,,
user_29,12,6282_4,4,收受贿赂，,利用职务之便，收受贿赂,4,好处费，偿还债权,偿还债权,2,,,4,,,4,,,2,,
user_29,9,3805_4,4,非法拘禁；实施殴打；轻伤,故意杀人,4,非法拘禁；殴打；轻伤,非法拘禁；故意杀人,1,,,3,,,4,,,1,,
user_29,15,2331_1,4,违反交通运输管理法规，发生重大事故，致人死亡,违反交通运输管理法规，发生重大事故，,4,醉酒，致人死亡,醉酒，致人受伤,1,,,4,,,4,,,1,,
user_29,8,4719_3,4,主观故意；伤害；致他人轻伤,交通肇事，致他人死亡，逃逸,4,车辆碰撞，,车辆碰撞,1,,,1,,,4,,,1,,
user_29,11,6394_2,4,利用职务之便，为他人谋取利益,利用职务之便，为他人谋取利益,4,国有公司，利用职务之便，收受好处费,国有公司，利用职务之便，收受款物160万,1,,,1,,,4,,,1,,
user_29,13,6094_3,4,敲诈勒索，使他人陷入恐惧心理，获得非法收益,利用职务之便，获得非法收益,4,口头举报，害怕工程受阻，迫于压力,利用自己担任评标专家的职务之便，感谢费,1,,,1,,,3,,,1,,
user_29,10,3862_1,4,非法限制人身自由，殴打，威胁，轻伤,非法限制人身自由，殴打，威胁，轻伤,4,非法限制周某人身自由，强迫,采取暴力、恐吓的手段限制姚某某人身自由，造成姚某某颈部轻微伤,1,,,1,,,3,,,1,,
user_29,14,6046_2,4,敲诈勒索，胁迫，获得非法收益,敲诈勒索，威胁，获得非法收益,4,殴打及言语威胁，承诺放弃经济利益,殴打胁迫，交付财物,1,,,1,,,3,,,1,,
user_30,11,6394_1,5,利用职务便利，索要，数额较大,利用职务便利，索取，谋取利益，数额较大,4,为借款提供便利，数额20万元,为支付提供便利，帮助承揽工程，数额91万元,1,,,1,,,1,,,1,,
user_30,12,6282_1,5,利用职务之便，非法收受财产，为他人谋取利益，数额较大,利用职务之便，非法收受财产，为他人谋取利益，数额较大,3,转汇好处费30万，承包费30万,掩盖未付款真相，签署承包合同,1,,,1,,,3,受贿罪,受贿罪,1,,
user_30,13,6094_2,5,要挟手段，强行索取财物，数额较大,非法占有为目的，要挟手段，强行索取财物，数额较大,2,招投标对手，举报在建工程不符合规定，担心废标,情人关系，揭发私隐,1,,,1,,,1,,,1,,
user_30,10,3862_2,5,暴力，胁迫手段抢劫；数额较大；共同犯罪,暴力、胁迫手段抢劫；数额巨大；共同犯罪,2,纠集，殴打，语言威胁，限制人身自由，揪头发，打耳光，合计金额超过3000元,共同故意，持刀恐吓，合计金额47万元,1,,,1,,,1,,,1,,
user_30,14,6046_3,3,非法占有为目的，纠纷，殴打和语言威胁，共同犯罪，轻微伤,纠纷，殴打，轻伤二级,4,经济纠纷，殴打，语言威胁，纠集，轻微伤，,发生口角，砸伤，轻伤二级,1,,,1,,,1,,,1,,
user_30,8,4719_4,5,故意伤人，轻伤二级,抢劫，共同犯罪,5,驾车加速撞击，轻伤,持刀威胁，索取财物，共同商议实施,1,,,1,,,1,,,1,,
user_30,9,3805_3,5,借贷关系，限制人身自由，暴力手段，轻伤二级，共同犯罪,殴打，共同犯罪，以索取财物为目的,4,手铐铐，开水烫，不让吃饭，同住看管，要求还钱,殴打，多人，索要400元,1,,,1,,,1,,,1,,
user_30,15,2331_4,5,酒驾，交通事故,无意识无法反抗，性侵,5,醉酒，乡道,醉酒，家中,1,,,1,,,1,,,1,,
user_31,14,6046_4,4,以非法占有为目的；侵犯他人财产所有权；实施殴打；致被害人轻微伤；逼迫,以非法占有为目的；侵犯他人财产所有权；诈骗；使对方产生认识错误,2,为解决经济纠纷；构成轻微伤,偷出房产证去做抵押贷款；,1,,,1,,,3,敲诈勒索罪,诈骗罪,1,,
user_31,8,4719_1,4,故意伤害他人；致他人轻伤；,故意伤害他人；致他人死亡,4,发生口角，被扇耳光；驾车撞击被害人；轻伤二级,伺机猥亵；朝被害人左臀部踢了一脚；被害人死亡,1,,,1,,,4,故意伤害罪,故意伤害罪,1,,
user_31,12,6282_2,4,国家工作人员；利用职务便利；索取他人财物；为他人谋取利益,非国家工作人员；利用职务便利；索取他人财务；为他人谋取利益,2,张某甲替受贿人偿还借款；索要“好处费”；将小石渣运输业务转包给张某甲,要求黄某某、张某维给予自己“点子费”；推荐黄某某、杨某维承接外墙保温和外墙漆等项目,1,,,1,,,3,受贿罪,非国家工作人员受贿罪,1,,
user_31,11,6394_4,4,国家工作人员；利用职务便利；其他人谋取利益；非法收受他人财物,非法占有目的；签订合同过程中；骗取他人财物,2,被告人索要好处费；承诺不催款,隐瞒公司破产重整事实；营造假象以骗取相对人信任；房屋买卖合同；骗取被害人玉石共计113块,1,,,1,,,5,受贿罪,合同诈骗罪,1,,
user_31,9,3805_2,4,非法拘禁他人；剥夺他人人身自由,非法拘禁他人；剥夺他人人身自由；实施殴打；组织领导传销活动；骗取财物；胁迫；扰乱经济社会秩序,3,为索取债务，防止其逃跑；用手铐铐、开水烫、不让吃饭；与被害人同住；轻伤二级；轻微伤,轻伤二级；将受害人骗至浮梁县；,1,,,1,,,4,非法拘禁罪,组织、领导传销活动罪；非法拘禁罪,1,,
user_31,13,6094_1,4,非法占有目的；要挟他人；强行索取他人财物,非法占有目的；要挟他人；强行索取他人财物,3,以举报受害人不符合招标规定要挟；索取封口费；通过电话联系方式,以举报工程存在偷工减料、以次充好问题要挟；索要费用；通过手机短信方式,1,,,1,,,1,,,4,敲诈勒索罪,敲诈勒索罪
user_31,10,3862_3,4,非法占有目的；采用暴力、胁迫手段；侵犯他人财产所有权,采用暴力、胁迫手段；违背妇女意愿，强行发生性关系；致受害人轻伤,4,怀疑是酒托骗钱；受害人被迫交出银行卡；进行言语威胁,轮奸；受害人跳窗逃跑；轻伤二级、轻微伤,1,,,1,,,4,抢劫罪,强奸罪,1,,
user_31,15,2331_3,4,在道路上醉酒驾驶机动车；致受害人死亡,对不特定多数人的人身、财产安全造成伤害；造成严重后果,4,赵某甲、陆某均属醉酒状态；受害人李某为搭乘人；,多次肇事后逃逸；李大刚负事故全部责任，受害人不负事故责任,1,,,1,,,4,危险驾驶罪,以危险方法危害公共安全罪,1,,
user_32,10,3862_4,5,共同犯罪，非法限制人身自由，非法占有目的，殴打致轻微伤,趁人不备盗取财物，非法占有目的,3,纠集几位被告人要钱，强行拖入车中，殴打（揪头发，打耳光），捡起周某掉落的两部手机，索取手机和银行卡密码,趁人不备盗取财物（包，项链，现金，手机，银行卡等），套取密码,1,,,1,,,3,抢劫罪,盗窃罪,1,,
user_32,12,6282_3,5,利用职务之便，为他人谋利，得到30万元汇款,利用职务之便，挪用公款,3,为了承包小石渣运输工程，索要30万元好处费,为购买学校挪用村集体资金31万元，至今未还；为归还贷款挪用村集体资金33万元，已归还,1,,,1,,,1,,,1,,
user_32,9,3805_1,3,非法限制人身自由，故意伤害，轻伤二级，轻微伤,非法限制人身自由，殴打、侮辱，轻伤二级,5,存在借贷关系，用手铐铐、开水烫、不让吃饭,索要债务，出门随时跟随，打电话都采用免提方式、限制其接打电话及收发短息、控制与外界接触，在被害人租住房内采用电棍电击、针灸刺扎身体等方式多次对被害人实施殴打、侮辱,1,,,1,,,1,,,1,,
user_32,14,6046_1,3,非法限制人身自由，殴打并言语威胁，非法占有目的，共同犯罪,非法限制人身自由，威胁、恐吓等手段，非法占有目的（吸引他人高利贷），共同犯罪,3,强行带至他处看管；逼迫杨某某签下悔过书并承诺放弃经济利益；逼迫被害人杨某某出具欠条支付“辛苦费”5万元,业务推广、张贴广告、电话联系等方式，吸引借款人高利贷款，招募被告人张玉峰及孙爱伟、许立林（均另案处理）等社会闲散人员成立催讨组，采用威胁、恐吓等手段以及非法限制人身自由等方式，逼迫被害人还钱,1,,,1,,,3,非法拘禁罪，敲诈勒索罪，抢劫罪,非法拘禁罪，寻衅滋事罪，敲诈勒索罪,1,,
user_32,13,6094_4,5,非法占有目的；20万元封口费；举报威胁,串通投标；围标,3,以“废标”为由举报，实为串通投标；实际取得14.5万元,串通投标；分别请托被告人给予帮助，并许以酬谢,1,,,1,,,1,,,1,,
user_32,11,6394_3,5,受贿；20万元,行贿；共送出好处费133万元,3,承诺不催款给予好处费；索要好处费20万元,为获得项目城建权请托；围标；共送出好处费133万元,1,,,1,,,3,受贿罪,行贿罪,1,,
user_32,8,4719_2,5,故意伤害他人身体；轻伤二级,故意伤害他人身体；死亡,2,发生口角；驾车加速撞击被害人林某1驾驶的摩托车；轻伤二级,发生口角并引发纠纷；拿方形钢管击中刘某1的头部左某2枕部处；刘某1当场倒地死亡,1,,,1,,,1,,,1,,
user_32,15,2331_2,3,双方醉酒驾驶；两被告人分别承担主次责任；致第三人死亡,单方醉酒驾驶；醉驾方承担全部责任；致两车受损,5,醉酒后无证驾驶；三轮摩托车侧翻，李某被甩出车外被赵某甲驾驶的小型货车碾压；李某当场死亡及两车损坏,醉酒驾车；两车相碰；两车受损,1,,,1,,,5,交通肇事罪,危险驾驶罪,1,,
user_33,1,330_2,4,非法取得并占有他人财物；盗窃；共同财物,非法取得并占有他人财物；盗窃；共同财物,5,放风；使用螺丝刀将轿车副驾驶车窗砸坏；盗走一台行车记录仪,伙同、接应及放风；用液压剪将窗户防盗网剪开；盗得电脑四台、液晶电视一台、摩托及电动车车数辆,1,,,1,,,2,盗窃罪,盗窃罪,1,,
user_33,4,1972_2,3,聚众斗殴；携带管制刀具；故意伤害致人死亡,聚众斗殴；携带管制刀具；故意伤害致人轻伤,4,纠集同伙；携带匕首、砍刀等工具；手持匕首乱戳对方；被害人岳兵受伤后经抢救无效死亡,聚集并准备刀、棍等凶器；进行砍、打，被告人程某对高某拳打脚踢；轻伤二级,1,,,1,,,5,聚众斗殴罪,聚众斗殴罪,1,,
user_33,2,259_3,2,盗窃他人财物,诈骗他人财物,5,多装载了15吨纯碱；非法占有；,采用事先空车加水过磅，放水后装货再过磅减少结算重量的方式骗取李某乙的废钢；欺骗,1,,,1,,,5,盗窃罪,诈骗罪,1,,
user_33,3,2132_4,5,故意伤害他人身体；致人轻伤或重伤,携带管制刀具进入公共场所，危及公共安全,3,用随身携带的折叠刀先后捅刺蔡某、王某，致被害人蔡某、王某全身多处损伤。,被告人郎某某在昆明市官渡区大树营中营单身公寓旁的道路上售卖弹簧刀、匕首等刀具。,1,,,1,,,5,故意伤害罪,非法携带管制刀具危及公共安全罪,1,,
user_33,7,4829_3,5,非法限制他人自由；致人死亡,以勒索财物为目的绑架他人；,4,看管，限制王某1自由；击打；王某1因全身多处被钝性物体多次打击致挤压综合征死亡,带至房间后殴打王凤英并索要人民币,1,,,1,,,1,,,1,,
user_33,5,1405_1,3,欺骗他人取得他人财物,欺骗他人取得他人财物,5,虚构虚假信息骗取钱款；隐瞒真实身份及已生育子女的事实,虚构自己的身份；编造虚假理由，骗取钱款,1,,,1,,,1,,,1,,
user_33,0,4891_1,5,违反交通运输管理法规，在道路上醉酒驾驶机动车；以威胁的方法阻碍国家机关工作人员依法执行职务,违反交通运输管理法规，在道路上醉酒驾驶机动车；以威胁、暴力的方法阻碍国家机关工作人员依法执行职务,5,醉酒状态驾驶机动车；拒不配合，并辱骂、威胁出警人员,醉酒状态驾驶机动车；拒不配合，并辱骂、威胁、殴打出警人员,1,,,1,,,1,,,1,,
user_34,2,259_4,1,秘密窃取、他人财物、数额较大、共同犯罪,污染环境、环境损害、共同犯罪,5,持有出货单、授意多装卸货物、给予利益报酬,雇佣司机、给付报酬,1,,,1,,,1,,,1,,
user_34,5,1405_4,5,以欺骗方法骗取他人财物、致使他人损失、非法占有目的,以欺骗方法骗取他人财物、致使他人损失、非法占有目的,5,恋爱关系、虚构事实、骗取财物、挥霍一空至今未还,恋爱关系、虚构事实、骗取财物、至今未还,1,,,1,,,1,,,1,,
user_34,0,4891_2,5,醉酒、在道路上驾驶机动车,醉酒、在道路上驾驶机动车,5,酒后驾驶机动车、酒精含量、醉酒状态,酒后驾驶机动车、酒精含量、醉酒状态,1,,,1,,,1,,,1,,
user_34,7,4829_2,5,非法开设赌场、非法拘禁、殴打体罚、致人死亡,非法开设赌场、殴打、致人死亡,4,非法拘禁至游戏厅，多次殴打，导致死亡,用木棍殴打，被害人在甲基丙胺的基础上受外力殴打死亡,1,,,1,开设赌场、非法拘禁以及故意伤害,开设赌场、故意伤害,1,,,3,非法拘禁,
user_34,3,2132_3,5,伤害行为、致人重伤、伤害故意,殴打行为、致人轻伤、殴打故意,5,用水果刀捅刺致人重伤,用水果刀捅刺致人轻伤,1,,,1,,,1,,,1,,
user_34,1,330_1,5,盗窃行为、非法占有他人财物、共同犯罪,盗窃行为、非法占有他人财物、共同犯罪,5,将车窗打碎进行盗窃,将车窗打碎进行盗窃、多次盗窃,1,,,1,,,1,,,1,,
user_34,4,1972_3,5,聚众斗殴、致人死亡,寻衅滋事、严重破坏社会秩序,5,多人约场打架，相互斗殴,纠集百人，破坏秩序及相关财产,1,,,5,聚众斗殴致人死亡，按照故意杀人罪处理,,1,,,1,,
user_35,4,1972_4,4,故意伤害；共同犯罪；死亡,介绍卖淫；嫖宿幼女,4,约场子打架；纠集；致被害人抢救无效死亡,介绍女孩卖淫；明知其不满14周岁而与其发生了性关系,1,,,1,,,1,,,4,故意杀人罪,介绍卖淫罪；嫖宿幼女罪
user_35,3,2132_2,4,故意；伤害行为；重伤,故意；伤害行为；重伤,4,争吵；捅刺；重伤二级,酒后妄想；乱砍、乱捅；重伤二级,1,,,1,,,3,故意伤害致人重伤,故意伤害致人重伤,1,,
user_35,7,4829_1,4,设立赌博性质场所；谋取利益；限制人身自由；死亡,设立赌博性质场所；谋取利益；寻衅滋事,4,设置具有赌博功能的游戏机；将王某1拘禁于游戏厅,放置具有赌博功能的游戏机4台；砸坏游戏机8台,1,,,1,,,1,,,1,,
user_35,1,330_4,4,盗窃行为；获得财物,暴力行为；阻碍国家工作人员依法执行职务,3,被告人杨海负责放风，被告人陈洪凯使用螺丝刀将丰田轿车副驾驶车窗砸坏，盗走车内一台价值人民币2587元的捷渡行车记录仪,驾驶员宋某某突然迅速关闭车窗，再向后倒车与后方粤B×××××号红色出租车发生碰撞，然后加速冲往右前方，撞倒了用于管制道路的粤B×××××号牌警用摩托车和雪糕筒，又与前方悬挂鲁J×××××临时号牌的红色法拉利轿车发生碰撞，后继续往前行驶逃离现场,1,,,1,,,4,盗窃罪,妨害公务罪,1,,
user_35,2,259_1,4,秘密窃取；获得财物；掩饰、隐瞒犯罪所得,秘密窃取；获得财物；掩饰、隐瞒犯罪所得,5,合伙盗窃的行为；被告人刘某乙在明知纯碱是赃物的情况下，仍以每吨人民币1210元的价格购买24吨纯碱,被告人崔某甲、崔某乙、张某、刘某乙甲、邓某等人多次交叉结伙，先后在济宁市区多处工地、厂区进行盗窃；被告人崔某甲将上述物品销售给被告人刘某乙乙，被告人刘某乙乙在明知是赃物的情况下，仍然予以收购,1,,,1,,,3,盗窃罪；掩饰、隐瞒犯罪所得罪,盗窃罪；掩饰、隐瞒犯罪所得罪,1,,
user_35,5,1405_3,4,诈骗行为；被害人陷入认识错误；处分财物；一方获得利益,已经结婚；与他人以夫妻名义同居生活；遗弃行为,4,虚构各种事实多次让任某向其汇款；被告人李芬梅先后骗取被害人任某的钱财共计人民币902500元,刻意隐瞒已婚事实；陆维慧与蒋忠慧两人以夫妻名义的同居关系得到了蒋忠慧亲友的认可；以外出买药为由将蒋某遗弃在房间内,1,,,1,,,4,诈骗罪,重婚罪；遗弃罪,1,,
user_35,0,4891_3,4,醉酒状态；驾驶机动车；暴力行为；阻碍国家工作人员执行公务,寻衅行为；严重后果,4,对孙小寨进行血液酒精含量检验鉴定，其血液酒精含量达到151.2503mg／100ml，属醉酒状态；遇到孙小寨阻碍，孙小寨拒不配合，并辱骂出警人员,被告人孙某某、胡某某无正当理由阻挠施工，造成二人轻伤，情节恶劣,1,,,1,,,3,危险驾驶罪；妨害公务罪,寻衅滋事罪,1,,
user_36,4,1972_1,5,故意伤害；聚众斗殴；致人死亡,故意伤害；聚众斗殴；致人重伤、死亡,5,男方调戏女方未果；电话约架；多人持刀具等器械群殴；,男方强行欺侮女方；电话约架；多人持器械群殴；,1,,,1,,,1,,,1,,
user_36,2,259_2,5,非法占有；窃取行为；侵犯他人财产权；共同犯罪,非法占有；窃取行为；侵犯他人财产权；,5,盗窃纯碱；价值19650元；退回非法所得,盗窃水稻；49800元；赃物均被返还失主,1,,,1,,,1,,,1,,
user_36,5,1405_2,5,非法占有为目的；诈骗；数额较大,非法占有为目的；诈骗；数额较大,5,虚构事实骗取信任；902500元,虚构事实骗取信任；20万元,1,,,1,,,1,,,1,,
user_36,7,4829_4,2,赌博；非法拘禁；故意伤害；毁坏公民财物；,法院执行；故意损坏财物,2,追偿赌债；逼停车辆；私人财产；损失价值2630.9元。,村委会财产；损失价值2012元。,1,,,1,,,1,,,1,,
user_36,1,330_3,5,非法占有为目的；盗窃；共同犯罪,非法占有为目的；抢劫；共同犯罪,1,砸窗；价值共计约7000余元,持假枪威胁；多次抢劫，价值较大,1,,,1,,,1,,,1,,
user_36,0,4891_4,4,扰乱社会秩序；妨碍公务,非法占有为目的；多次盗窃,4,酒驾；酒后滋事；辱骂公务人员,多次盗窃,1,,,1,,,1,,,1,,
user_36,3,2132_1,5,故意伤害；互殴；重伤二级,故意伤害；殴打；重伤二级,5,发生口角，烧烤店门口；持刀伤人,发生口角，酒吧门前；持刀伤人,1,,,1,,,1,,,1,,
user_37,11,6394_2,5,利用职务便利；索取、收受财物；为行贿者谋取不正当利益,利用职务便利；索取、收受财物；为行贿者谋取不正当利益,4,行贿者承诺，被告不催款就会给予其好处费；被告索要好处费；行贿者送给被告人民币200000元,利用担任北京人民广播电台台长的职务便利；接受行贿者的请托，为其实际控制的相关公司谋取利益；被告为此先后多次收受款物折合人民币共计160余万元,1,,,1,,,1,,,1,,
user_37,9,3805_4,3,非法拘禁他人，限制人身自由；为索要欠款；实施伤害、侮辱手段；致人轻伤,共同实施自杀行为；被害人死亡，被告自杀目的未得逞；被告与被害人死亡有因果关系,3,为迫使被害人还钱，防止其逃跑而搬入被害人住宅；采取用手铐铐、开水烫、不让吃饭等手段，强令被害人张某还钱；被害人张某的烫伤程度构成轻伤二级，被害人杨某2的烫伤程度构成轻微伤。,巨额债务引发一起密闭烧炭自杀的念头；共同准备盆具、木炭、沙子、胶带等物品；被害人庄某某某甲因一氧化碳中毒而死亡；被告未死亡，且未实施救助等,1,,,1,,,1,,,1,,
user_37,13,6094_3,3,以举报相威胁，敲诈勒索；收取非法财物；,利用职务之便；收取非法财物；为请托人牟利；向其他人员介绍贿赂,3,被告人以受害人存在在建工程不符合招标规定为由要挟举报；提出要人民币20万元作为“封口费”；害怕工程受阻，迫于压力，支付封口费17万元,投标过程中，行贿者请托中标，承诺支付6万元感谢费；被告利用评标专家的职务之便，偕同其他专家为请托人牟取中标资格；共同非法收受他人财物144万元,1,,,1,,,1,,,1,,
user_37,14,6046_2,4,非法拘禁，限制人身自由；为解决经济纠纷；实施侮辱等伤害行为；敲诈勒索；致人轻伤,参加黑社会性质组织；为追讨欠款；非法拘禁；使用暴力手段抢劫他人财物；敲诈勒索他人财物；致人轻伤,3,受人指使，为解决经济纠纷将被害人带至他处看管；采用殴打及言语威胁等方式，逼迫被害人签下悔过书并承诺放弃经济利益；逼迫被害人出具欠条支付“辛苦费”5万元；构成轻微伤,黑社会组织犯罪；对被害人进行人身控制；以殴打、威胁、恐吓的手段强行劫取2万元,1,,,1,,,1,,,1,,
user_37,8,4719_3,3,伤害故意；驾车实施伤害行为；致人轻伤,无证驾驶；事故全责；撞车致人死亡；肇事后逃逸,3,发生口角被扇耳光；驾车尾随故意碰撞；致被害人倒地受伤,无证驾驶摩托车；驾驶摩托车撞上被害人三轮车；造成被害人受伤；驾驶肇事摩托车逃离现场；被害人抢救无效死亡,1,,,1,,,1,,,1,,
user_37,10,3862_1,4,非法拘禁、限制人身自由；采取侮辱殴打等行为；勒索财物；致轻微伤,非法拘禁、限制人身自由；采取侮辱殴打等行为；勒索财物；致轻微伤,3,怀疑酒托；将被害人强行拖上车，限制人身自由；殴打、言语威胁；致轻微伤；用银行卡取钱、销赃,怀疑售假；将被害人骗上车，限制自由；采取暴力、恐吓手段；要求其亲属汇款；致轻微伤,1,,,1,,,1,,,1,,
user_37,15,2331_1,4,醉酒、无证驾驶无号牌车辆；发生重大交通事故；一人死亡,醉酒驾驶；发生重大交通事故；一人重伤,3,醉酒后分别无证驾驶无号牌汽车和三轮摩托车；在转弯路口发生碰刮，致使三轮摩托车侧翻；被害人当场死亡；两车受损,一方醉酒后驾驶面包车；一方醉酒驾驶无号牌电动三轮车；面包车越过道路中心线超越前方同向行驶车辆过程中发生碰撞；一人重伤；两车受损,1,,,1,,,1,,,1,,
user_37,12,6282_4,4,利用职务便利；挪用公款；资金归个人使用；数额较大,利用职务便利；挪用公款；资金用于营利活动；数额较大,3,利用村委会主任的职务便利转包业务；挪用承包款；归还个人借款,利用村领导的职务便利挪用村集体资金；将资金转给他人购买学校,1,,,1,,,1,,,1,,
user_38,10,3862_2,5,以暴力、胁迫手段；使他人陷于恐惧而被迫交付财物；获取他人财物,以暴力、胁迫手段；使他人陷于恐惧而被迫交付财物；获取他人财物,4,采用揪头发、打耳光等方式；殴打被害人；被害人被迫交出银行卡；分赃,持刀威胁；被害人因害怕被迫交付财物；分赃,1,,,3,以暴力、胁迫手段抢劫他人财物,以暴力、胁迫手段抢劫他人财物,1,,,1,,
user_38,13,6094_2,5,以非法占有为目的；采用要挟手段；强行索取他人财物,以非法占有为目的；采用要挟手段；强行索取他人财物,3,以举报不符合招标规定相要挟；索取财物,以揭发隐私相要挟；索取财物,1,,,4,以非法占有为目的；采用要挟手段；强行索取他人财物,以非法占有为目的；采用要挟手段；强行索取他人财物,1,,,1,,
user_38,8,4719_4,5,故意伤害他人,以非法占有为目的；以暴力、胁迫手段；抢劫他人财物；违背妇女意志；采取暴力、胁迫手段强奸妇女,5,驾车加速撞击致被害人受伤；轻伤二级,持刀对被害人进行威胁；抢走他人财物；实施强奸,1,,,1,,,5,故意伤害罪,抢劫罪；强奸罪,1,,
user_38,14,6046_3,5,限制他人人身自由；以暴力、言语相威胁；迫使被害人放弃经济利益,故意伤害他人,4,强行将被害人带至他处看管；采用殴打及言语威胁等方式；逼迫被害人放弃经济利益；轻微伤,拾起水泥块砸向被害人；轻伤二级,1,,,1,,,1,,,1,,
user_38,11,6394_1,5,国家工作人员；利用职务便利；索取他人财物；为他人谋取利益,国家工作人员；利用职务便利；索取他人财物；为他人谋取利益,4,国有资产经营有限公司党委书记、董事长；利用职务便利；索取好处费；如实坦白；退缴赃款,新疆鑫光新兴材料有限公司董事长；利用职务便利；索取好处费；如实坦白；退缴赃款,1,,,1,,,1,,,1,,
user_38,9,3805_3,4,限制人身自由；故意伤害他人,以暴力、胁迫手段强迫他人发生性关系；以非法占有为目的；以暴力手段使他人因陷于恐惧而交付财物,4,对被害人进行看管；限制人身自由；用手铐铐、开水烫、不让吃饭；轻伤二级,殴打；持刀威胁；进行奸淫；通过暴力手段当场获取摩的司机财物,1,,,1,,,1,,,1,,
user_38,12,6282_1,4,非国家工作人员；利用职务便利；为他人谋取利益；非法收受他人财物,非国家工作人员；利用职务便利；为他人谋取利益；非法收受他人财物,4,村村委会主任；索取好处费；提议将该村的小石渣运输业务转包给张某甲；替被告人陆建明偿还了欠段某的借款,村村委会主任；帮助唐山鑫佳堆焊科技有限公司在该村租用村集体土地；获得好处费,1,,,4,,,1,,,1,,
user_38,15,2331_4,5,醉酒；无证驾驶；发生交通事故致人死亡,被害人醉酒处于无意识状态无法反抗；发生性关系,4,醉酒；无证驾驶；无号牌；被害人死亡；交通事故,被害人醉酒；处于无意识状态不知反抗状态；发生性关系,1,,,1,,,5,交通肇事罪,强奸罪,1,,
user_39,13,6094_1,4,以非法占有为目的，实施了恐吓行为，对方产生恐惧心理进而交付,以非法占有为目的，强行索要他人财物,5,举报；索要封口费；迫于压力；无奈之下同意支付,以揭发他人存在违法行为为要挟，索要他人财物,3,多次协商、要挟,关于是否既遂的问题,1,,,1,,,1,,
user_39,12,6282_2,4,国家工作人员利用职务上的便利，向他人索取财物,非国家工作人员利用职务便利，索取财物,4,时任吴庄子村村委会主任的被告人；索要的“好处费”；会议上通过转包；偿还欠款,非国家工作人员；推荐；利用其职务便利非法收受张某某所送人民币1万元，为其谋取利益。,4,对于被告人是否属于国家工作人员的认定,是否利用职务之便，是否属于索贿；数额是否达到标准,1,,,3,受贿罪,非国家工作人员受贿罪,1,,
user_39,9,3805_2,4,侵犯他人人身自由；扣押、禁闭等强制手段,暴力强制手段，限制人身自由,3,迫使被害人张某还钱，防止其逃跑；看管，限制人身自由；强令还钱；轻伤二级,进行殴打、辱骂、烫伤等方式，迫使其加入传销组织，限制人身自由；,1,,,1,,,4,非法拘禁罪,非法拘禁罪；组织、领导传销活动罪,1,,
user_39,11,6394_4,3,国家工作人员，利用职务便利，向他人索取贿赂,以非法占有为目的，在签订、履行合同过程中，骗取对方当事人财物，数额较大,3,国有资产经营有限公司党委书记、董事长期间，利用职务便利，索要他人人民币200000元；承诺；给与好处费,以非法占有为目的，隐瞒真相，利用作废的公章伪造合同，骗取被害人的玉石；数额特别巨大,1,,,4,三百八十五、三百八十六、三百八十八,二百二十四,5,受贿罪,合同诈骗罪,1,,
user_39,10,3862_3,2,抢夺公私财物、威胁暴力等强制手段,暴力威胁的强制手段、非法占有公私财物,4,采用揪头发、打耳光等；非法限制周某人身自由；殴打；轻微伤,暴力、威胁、非法占有为目的，窃取公私财物,1,,,1,,,1,,,1,,
user_39,14,6046_4,4,敲诈勒索公私财物，数额较大,以非法占有为目的利用虚假事实或者隐瞒真相，骗取较大的公私财物,4,经济纠纷；强行看管，殴打威胁，强行承诺放弃经济利益，轻微伤,走账方式“空放”贷款；诱使借款人签下远高于实际借款金额的借条；催讨虚假债务,1,,,1,,,3,敲诈勒索罪,诈骗罪,1,,
user_39,8,4719_1,4,随意殴打他人，致他人轻伤，扰乱社会秩序,殴打他人，含有故意，致他人死亡,5,发生口角；加速撞击；轻伤二级,追寻刺激、意欲猥亵、故意踢人；致人死亡,1,,,1,,,4,寻衅滋事罪,故意伤害罪,1,,
user_39,15,2331_3,5,主观上故意，侵犯国家对社会公共安全的管理秩序，,故意，置不特定人的财产生命安全于不顾，危害公共秩序,3,醉酒后无证驾驶，造成人当场死亡及两车损坏；,在未取得机动车驾驶证的情况下，醉酒后驾车，置不特定多数人的生命、财产安全于不顾,1,,,1,,,3,以危险方法危害公共安全罪,以危险方法危害公共安全罪,1,,
user_40,13,6094_4,5,敲诈勒索；财物；数额较大,投标人相互串通投标报价；损害招标人或者其他投标人利益，情节严重,5,李大良以工程不符合招标规定为威胁；谢某1、陈某1陷入恐惧给李大良转账；共17万元,陈某科、郑某、庄某彬、林某泰、温某凡、林某玲为同案人陈某6等人提供串通投标的帮助,1,,,1,,,3,,,1,,
user_40,10,3862_4,5,以暴力胁迫方式；转移他人财物占为己有,以平和方式；转移他人财物占为己有,5,采用揪头发、打耳光，言语威胁等方式；取款人民币2400元，苹果5S手机销赃得款2200元,趁他人不能直接管理自己的财物时，曹某将他人的首饰、钱包、手机等拿走,1,,,1,,,1,,,1,,
user_40,11,6394_3,5,利用职务便利；索要他人财物,为谋取不正当利益；给予国家工作人员财物,5,被告人马波时任新疆生产建设兵团第六师国有资产经营有限公司党委书记、董事长；被告人马波向戴某某索要好处费，戴某某按照约定送给被告人马波人民币200000元,张献季为获得承建权，两次向时任官舟镇党委书记余某1请托；被告人张献季为感谢余某1在上述工程项目承揽及招投标等方面提供的帮助和关照，先后12次送给余某1好处费共计人民币133万元,1,,,1,,,1,,,1,,
user_40,14,6046_1,4,非法剥夺他人人身自由；以暴力及威胁方式导致他人处分财产,非法剥夺他人人身自由；以威胁方式导致他人处分财产,5,为索债，而强行将被害人杨某某带至他处看管；采用殴打及言语威胁等方式，逼迫杨某某签下悔过书并承诺放弃经济利益，逼迫被害人杨某某出具欠条支付“辛苦费”5万元,为索债，而对蒋某丙等人进行看管；采用言语威胁等方式要求袁某支付催收辛苦费、拖车费等费用，敲诈勒索得1万余元,1,,,1,,,1,,,1,,
user_40,15,2331_2,5,在道路上醉酒驾驶机动车,在道路上醉酒驾驶机动车,5,被告人赵某甲醉酒后驾驶；被告人陆某醉酒后驾驶,被告人张某酒后驾驶,1,,,1,,,1,,,1,,
user_40,8,4719_2,5,故意；伤害他人身体；造成轻伤以上损害,故意；伤害他人身体；造成轻伤以上损害,5,尾随并趁其不备；驾车加速撞击被害人林某1驾驶的摩托车；轻伤二级,拿1根方形钢管走到停车场门口；手持钢管击中刘某1的头部左某2枕部处；当场倒地死亡,1,,,1,,,1,,,1,,
user_40,12,6282_3,5,国家工作人员利用职务上的便利；索取他人财物,国家工作人员利用职务上的便利；挪用公款归个人使用；数额较大、进行营利活动,5,时任吴庄子村村委会主任；“好处费”,任沂南县界湖镇界湖东村村委会主任；未办理必要的财务手续的挪用资金；用于流资,1,,,1,,,1,,,1,,
user_40,9,3805_1,5,限制他人人身自由；采取暴力手段损害他人身体；轻伤以上,限制他人人身自由；采取暴力手段损害他人身体；轻伤以上,5,同住和看管；采取用手铐铐、开水烫、不让吃饭等手段；轻伤二级,一同居住和贴身跟守；采用电棍电击、针灸刺扎身体等方式；轻伤二级,1,,,1,,,1,,,1,,
user_41,7,4829_3,4,以勒索财物为目的；绑架他人；故意伤害被绑架人；致人重伤、死亡,以勒索财物为目的；绑架他人；绑架他人作为人质；故意伤害被绑架人；致人重伤、死亡,4,殴打；打击；虐待；全身多处被钝性物体多次打击致挤压综合征死亡；逼停；砸坏,殴打；密谋绑架；车祸（交通事故）；钝性外力打击头部致严重颅脑损伤死亡；,1,,,1,,,1,,,1,,
user_41,5,1405_1,4,以非法占有为目的；诈骗公私财物；采取虚构事实、隐瞒真相的方法；多次诈骗财物；数额特别巨大,以非法占有为目的；诈骗公私财物；采取虚构事实、隐瞒真相的方法，多次诈骗多人财物，数额特别巨大,4,虚构信息；隐瞒生育史和婚史；以恋爱为名；骗取钱款；支撑自己的高消费；打着结婚的幌子却屡次搪塞敷衍；金额高达90余万元；,虚构信息；多次向多人诈骗财物；以恋爱为名；诈骗；数额巨大,1,,,1,,,1,,,1,,
user_41,3,2132_4,3,故意伤害他人身体；致人重伤；随意殴打他人；携带管制刀具,非法携带管制刀具；危害公共安全,4,因为女性引发争吵；揪打；携带管制刀具；致人重伤,非法携带管制刀具；进入公共场所,1,,,1,,,1,,,1,,
user_41,4,1972_2,4,聚众斗殴；人数多，规模大；社会影响恶劣；持械聚众斗殴；寻衅滋事；随意殴打他人；追逐、拦截、辱骂、恐吓他人；在公共场所起哄闹事；纠集他人多次实施,聚众斗殴；人数多，规模大；社会影响恶劣；持械聚众斗殴；寻衅滋事；随意殴打他人；追逐、拦截、辱骂、恐吓他人；在公共场所起哄闹事；纠集他人多次实施,3,约场子掐架；持械聚众斗殴；随意殴打；致人死亡；,随意殴打他人；追逐；在医院闹事；纠集他人,1,,,1,,,1,,,1,,
user_41,1,330_2,4,盗窃公私财物；数额较大的；多次盗窃；入户盗窃；携带凶器盗窃、扒窃；共同犯罪,盗窃公私财物；数额较大的；多次盗窃；携带凶器盗窃、扒窃；共同犯罪,4,使用螺丝刀将丰田轿车副驾驶车窗砸坏；盗走车内一台价值人民币2587元的捷渡行车记录仪；驾驶的摩托车也是盗窃赃物；,多次合伙盗窃；分工明确；财物数额较大；,1,,,1,,,1,,,1,,
user_41,2,259_3,4,盗窃；以非法占有为目的；转移他人占有财物为自己所有；他人无转移占有意思；共同犯罪；数额较大；,以非法占有为目的；诈骗；虚构事实使得他人错误处置财物；转让财物所有权；共同犯罪；数额较大；,4,让叉车司机多装货；工人多装卸货；多15吨纯碱；明知纯碱是赃物的情况下，仍以每吨人民币1210元的价格购买24吨纯碱；被非法占有的纯碱共计价值人民币19650元；,采用事先空车加水过磅，放水后装货再过磅减少结算重量的方式骗取李某乙的废钢。2014年5月11日至14日间，被告人吴某、刘某、赵某采用该手法骗得李某乙的废钢计43.95吨，价值人民币87900元。,1,,,1,,,1,,,1,,
user_41,0,4891_1,4,醉酒驾驶；危害公共安全；自首；妨碍公务罪；寻衅滋事；,醉酒驾驶；肇事逃逸；妨碍公务；自首；从重处罚,4,醉酒驾驶；酒后闹事；辱骂警察；如实供认；妨碍公务,醉酒驾驶；寻衅滋事；肇事逃逸；辱骂警察；如实供认；妨碍公务,1,,,1,,,1,,,1,,
user_42,5,1405_4,5,隐瞒及虚构事实；多次诈骗；数额较大,隐瞒及虚构事实；多次诈骗,4,隐瞒其真实身份及已生育子女的事实；骗得任某的信任；虚构各种事实；多次让任某给其汇款,隐瞒其已婚的事实；取得珠斯冷的信任；以家中父亲病重动手术缺钱为由向珠斯冷借钱；先后骗取,1,,,1,,,3,诈骗罪,诈骗罪,1,,
user_42,7,4829_2,4,设置赌博游戏机（开设赌场）；故意伤害他人身体；致人死亡；追逐、拦截他人；任意毁损私人财物；,开设赌场；故意伤害他人身体；追逐、拦截他人；随意殴打他人；轻伤,4,设置具有赌博功能的游戏机32台；持棍棒打击、用脚踢踹；致人死亡；驾车追赶；持木棍将车砸坏,棋牌室内开设赌场；抽头渔利7万余元；殴打；致人死亡、轻微伤；拦截警车；拳打脚踢；构成轻伤,3,是否构成开设赌场罪,,1,,,1,,,1,,
user_42,1,330_1,4,破坏性手段盗窃；共同犯罪,破坏性手段多次盗窃；数额较大；累犯；共同犯罪；,4,负责放风（共同犯罪）；砸坏车窗；2587元的捷渡行车记录仪；记录仪已追回发还失主；赔偿被害人张某1车窗修理费4651元,负责放风（共同犯罪）；砸坏车窗；多次盗窃；盗窃数额累计人民币27731.32元、人民币7151元；如实供述、态度较好,1,,,1,,,3,盗窃罪,盗窃罪,1,,
user_42,0,4891_2,4,醉酒驾驶机动车,醉酒驾驶机动车；限定刑事责任能力,4,血液酒精含量达到151.2503mg／100ml，属醉酒状态；辱骂、威胁工作人员,血液中乙醇含量为244mg／100ml；患双相情感障碍,1,,,1,,,4,危险驾驶,危险驾驶,1,,
user_42,3,2132_3,4,殴打（故意伤害他人身体）；致人重伤,殴打（聚众斗殴）；致人轻伤、轻微伤,4,揪打；用刀捅刺；重伤二级,赵某纠集了被告人金某及徐某乙、任某、黄某甲、周某甲、顾某乙等人；相互拳打脚踢；轻伤二级、轻微伤,1,是故意伤害还是聚众斗殴,,1,,,1,故意伤害罪,聚众斗殴罪,1,,
user_42,2,259_4,4,盗窃；共同犯罪,违反国家规定；倾倒危险废物；严重污染环境；共同犯罪,4,承诺每多装卸一板纯碱给人民币200元；多装载了15吨纯碱；明知纯碱是赃物依然购买24吨,无处理化工污水资质；危险废物；私自倾倒化工废水,1,,,1,,,1,盗窃罪,污染环境罪,1,,
user_42,4,1972_3,4,殴打（聚众斗殴互相殴打）；持械；致人重伤；,任意毁损私人财物；造成公众秩序混乱；辱骂、恐吓他人；,4,约场子准备打架；携带匕首、砍刀等工具；互相打斗；致人死亡,纠集众人；砸车；引发紫陵村大量村民围观；恐吓劝阻的无辜群众,1,,,1,,,3,聚众斗殴罪,寻衅滋事罪,1,,
user_43,3,2132_2,4,故意伤害；重伤二级；醉酒自陷无刑事责任能力；管制刀具,故意伤害；重伤二级；醉酒自陷无刑事责任能力；管制刀具,2,被害人系朋友；酒后；争执打斗（主观目的不同，关键）；随身携带的刀具；重伤二级,被害人系熟人；酒后；产生妄想（主观目的不同，关键）；一把刀；重伤二级,1,,,1,,,1,,,1,,
user_43,7,4829_1,5,开设赌场；受雇佣（接受固定工资）；民事纠纷；共同犯罪；持械毁坏财物；财物损失较大,开设赌场；受雇佣（接受固定工资）；民事纠纷；共同犯罪；持械毁坏财物；财物损失较大,5,开设游戏厅设置赌博机供他人赌博；受雇参与经营管理；欠款纠纷；纠集人员；持木棍造成财物损失；损失金额共计人民币2630.9元。,开设游戏厅设置赌博机供他人赌博；受雇参与经营管理；股权纠纷；纠集人员；持木棍造成财物损失；损失金额共计人民币3030元。,1,,,1,,,1,,,1,,
user_43,0,4891_3,5,阻碍公安人员执法；言语威胁辱骂；妨碍公安执法秩序；自首,阻碍非公权力机关生产经营；暴力致人轻伤；造成经济损失；认罪贿罪、获得当事人谅解；,2,涉嫌醉驾；拒不配合公安人员工作，并多次辱骂出警人员；妨碍公安执法秩序；认罪悔罪，与被害方达成协议，取得了谅解,不满赔偿额（生活纠纷）；阻挠罗山县“江淮南路畅通工程”施工；造成经济损失；主动到公安机关投案，如实交代了其妨碍公务的犯罪事实。,1,,,1,,,1,,,1,,
user_43,4,1972_4,4,故意伤害；共同犯罪；生活纠纷；持械斗殴；既遂,幼女型强奸；介绍、容留、帮助卖淫互动；共同犯罪；既遂,2,生活纠纷；约架；聚集多人；准备刀具；持刀故意伤人致人死亡,介绍、容留卖淫活动、帮助物色卖淫女；明知被害人为幼女；唆使、通谋；发生性关系并支付嫖资,1,,,1,,,1,,,1,,
user_43,1,330_4,5,共同犯罪；盗窃；盗窃的手段行为毁坏了财物；退赔赃物和损失,暴力妨碍公务；巨大的财物损失；认罪态度良好，积极退赔，获得谅解,2,放风；使用螺丝刀砸坏被害人车窗；盗窃数额较大的财物；退赔赃物和损失,躲避公安执法；暴力驾车逃窜、冲卡导致数额巨大的财物损失；认罪态度较好，积极赔偿被害人，取得谅解,1,,,1,,,1,,,1,,
user_43,2,259_1,5,盗窃财物；共同犯罪；数额较大；明知；掩饰隐瞒犯罪所得；积极退赔,盗窃财物；共同犯罪；数额巨大；多次；明知；掩饰隐瞒犯罪所得,5,授意、应允；一方多叉第三人占有的纯碱纯碱，另一方给钱；财物成功转移至被告人；明知纯碱是赃物的情况下，仍以明显低于市价的价格购买；被非法占有的纯碱共计价值人民币19650元,多次；交叉合伙；被非法占有的他人物品价值人民币248002.8216元；被告人刘某乙乙在明知是赃物的情况下，仍然予以收购,1,,,1,,,1,,,1,,
user_43,5,1405_3,4,诈骗；骗取感情、未以夫妻名义共同生活；骗取巨额钱财；被害人谅解,重婚；以夫妻名义共同生活；遗弃,3,隐瞒真实身份和生儿育女的事实，并使用积极欺骗使被害人产生错误认知；以非法占有为目的；骗取挥霍被害人巨额财物；未以夫妻名义共同生活；被害人谅解,刻意隐瞒已婚事实；确立恋爱关系并登记结论，以夫妻名义共同生活并得到亲友认可；遗弃；未以非法占有为目的骗取财物,1,,,1,,,1,,,1,,
user_44,4,1972_1,5,持械聚众斗殴；致人重伤、死亡的,持械聚众斗殴；致人重伤、死亡的,4,语言调戏；约场子准备打架；发生打斗；受伤后经抢救无效死亡,强行亲吻、抚摸女同事；相约于当日见面；殴斗；造成大失血而死亡、重伤、轻微伤,1,,,1,,,3,聚众斗殴罪,聚众斗殴罪；故意杀人罪,1,,
user_44,2,259_2,5,为谋取不正当利益；对非国家公务人员行贿；明知是犯罪所得及其产生的收益而予以窝藏、转移、收购、代为销售或者以其他方法掩饰、隐瞒,以非法占有为目的；秘密窃取他人财物；数额巨大；,2,要其多装货，承诺每多装卸一板纯碱给其人民币；明知纯碱是赃物,为了要账才盗窃的水稻；盗窃他人财物；以每市斤1.42元的价格卖给孙某,2,为了 不正当利益要其多装货，承诺每多装卸一板纯碱给其人民币,为了要账才盗窃的水稻,1,,,1,,,1,,
user_44,1,330_3,5,非法占有他人财物,非法占有他人财物,3,使用螺丝刀将丰田轿车副驾驶车窗砸坏；盗窃行车记录仪,一个枪状物指着叶某并以对其实施伤害相威胁；抢得财物；驾驶上述抢得小型轿车,1,,,1,,,4,盗窃罪,抢劫罪,1,,
user_44,0,4891_4,5,酒后驾驶机动车辆；妨碍公务,盗窃,5,酒后驾驶机动车辆；辱骂出警人员；,多次偷盗电动车,1,,,1,,,5,妨害公务,盗窃罪,1,,
user_44,3,2132_1,5,随意殴打他人；致他人重伤,随意殴打他人；致他人重伤、轻伤,5,发生争吵并引发揪打；重伤二级,继而发生打斗；将被告人李某甲刺伤；对被告人邓某甲实施了殴打；,1,,,1,,,3,故意伤害罪,故意伤害罪,1,,
user_44,7,4829_4,5,毁坏他人财物,毁坏公共财物,3,开设游戏厅供他人进行赌博活动；将王某1拘禁于游戏厅内；多次用棍棒打击；死亡；索要欠款；后车门、后保险杠砸坏,酒后闯入本村村委会，砸碎玻璃，砸坏扩音器、电话机、验钞器等,1,,,1,,,1,,,1,,
user_44,5,1405_2,5,使用欺骗手段骗取他人财物,使用欺骗手段骗取他人财物,5,虚构各种事实多次让任某向其汇款；隐瞒其已结婚和生育子女等事实；重婚；用于个人开支和高消费挥霍,虚构镇宁农村信用社大数据项目；用于支付贷款利某及个人欠款,1,,,1,,,2,诈骗罪；重婚罪,诈骗罪,1,,
user_45,8,4719_3,4,故意伤害；故意；致人轻伤；,无证驾驶；过失；肇事后逃逸；致人死亡；,5,发生口角尾随；解放桥上；加速撞击；轻伤二级,探石路段；交通事故；死亡；,1,,,1,,,3,故意伤害,交通肇事,1,,
user_45,15,2331_1,5,危险驾驶；无证驾驶；致人死亡；交通肇事；,危险驾驶；致人受伤；交通肇事；,4,醉酒无证驾驶；当场死亡；,醉酒驾驶；重伤二级；,1,,,1,,,3,交通肇事罪；危险驾驶罪；,交通肇事罪；危险驾驶罪；,1,,
user_45,14,6046_2,5,非法占有目的；限制他人人身自由；威胁恐吓；被害人基于恐惧交付财物；经济损失；,非法占有目的；限制他人人身自由；威胁恐吓；被害人基于恐惧交付财物；经济损失；,3,带到他处看管；语言其他威胁；放弃经济利益；轻微伤；,不还钱不让走；拘禁数日；殴打威胁；恐吓；索要钱财；,1,,,1,,,1,,,1,,
user_45,9,3805_4,3,限制人身自由；非法拘禁；故意伤害；致人受伤；,故意伤害；致人死亡；,5,进行看管；限制人身自由；虐待手段；强令；轻伤；,自杀；死亡；,1,,,1,,,3,非法拘禁罪；,故意伤害罪；,1,,
user_45,13,6094_3,5,非法占有目的；恐吓威胁；被害人基于恐惧交付财物；经济损失；,利用职务之便；谋取不正当利益；收受他人财物；,3,以举报相威胁；因害怕；迫于压力；支付人民币；,专家的职务之便；共同非法收受；分得财物；为他人不公正评标；,1,,,1,,,3,敲诈勒索,非国家工作人员受贿罪,1,,
user_45,10,3862_1,4,非法占有目的；实施暴力；被害人不能反抗；经济损失；,非法占有目的；实施暴力；被害人不能反抗；经济损失；,4,强行拖入；非法限制人身自由；一起殴打；被迫交出银行卡密码；,骗上车；暴力、恐吓的手段；限制人身自由；赔偿损失；,1,,,1,,,3,抢劫,抢劫,1,,
user_45,11,6394_2,5,国家工作人员；利用职务便利；收受财物；为他人谋取利益；,国家工作人员；利用职务便利；收受财物；为他人谋取利益；,3,国有资产经营有限公司党委书记、董事长；职务便利；好处费；不催款；,北京人民广播电台台长；职务便利；谋取利益；收受人民币；,1,,,1,,,3,受贿罪,受贿罪,1,为他人谋取利益,为自己谋取利益
user_45,12,6282_4,5,职务便利；为他人谋取利益；非国家工作人员；收受财物；,非国家工作人员；职务便利；挪用财物；谋取利益；,3,“好处费”；村委会主任；将业务转包；,职务之便；挪用村集体资金；归还集体；社区居民委员会主任；,1,,,1,,,3,非国家工作人员受贿罪；,挪用公款；,1,,
user_46,9,3805_3,5,为索取债务非法拘禁；非法拘禁他人,强奸妇女；暴力、胁迫,1,限制人身自由；使用暴力,强令与其同居一室；使用暴力,1,,,1,,,5,非法拘禁罪,强奸罪；抢劫罪,1,,
user_46,12,6282_1,5,村基层组织工作人员；利用职务上的便利；非法收受他人财物；为他人谋取利益；数额较大,村基层组织工作人员；利用职务上的便利；非法收受他人财物；为他人谋取利益；数额较大,3,村村委会主任；已归还被告人债务形式给予好处费30万；,村村委会主任；好处费97854元；,4,关于被告人的行为是否职务行为,关于被告人的行为是否职务行为,1,,,3,非国家工作人员受贿罪,非国家工作人员受贿罪,1,,
user_46,10,3862_2,5,暴力、威胁、非法限制人身自由；抢劫财物；数额巨大,持刀抢劫财物,2,揪头发、打耳光等方式将周某强行拖入；殴打周某，周某被迫交出银行卡，并将银行卡密码告知姜洪杰；4600元,拿出来的密码箱并持刀恐吓；47万元,1,,,5,第263条,第263条第2款第4项,4,抢劫罪,抢劫罪,1,,
user_46,11,6394_1,5,国家工作人员；利用职务便利；为他人谋取利益；索要他人钱款,国家工作人员；利用职务便利；为他人谋取利益；以借为名索取他人钱款；非法收受他人钱款,3,索要好处费200000元,以借为名索取他人钱款人民币250000元是否应当计入受贿总额,4,索要好处费,以借为名进行索要,1,,,1,,,1,,
user_46,13,6094_2,5,以继续举报相威胁；敲诈勒索他人财物,以揭露隐私相威胁；敲诈勒索他人财物,4,以继续举报相要挟，强行索要17万元封口费；害怕工程受阻，迫于压力,以揭发隐私相要挟，强行向白某索要现金32000元,1,,,1,,,1,,,1,,
user_46,8,4719_4,4,故意伤害,持刀威胁等手段抢劫他人财物，并在实施抢劫之后对被害人实施强奸,3,尾随；驾车加速撞击被害人；轻伤二级,持刀威胁劫取他人财物；强奸,1,,,1,,,1,,,1,,
user_46,14,6046_3,5,非法拘禁、威胁、殴打；抢劫财物,打架斗殴；故意伤害他人身体；轻伤,2,经济纠纷；非法拘禁；殴打；语言威胁；要求放弃经济权利，以签订“辛苦费”抢劫财产,邻里口角纠纷；轻伤二级,1,,,1,,,1,,,1,,
user_46,15,2331_4,5,醉酒后无证驾驶；致一人死亡,趁被害人醉酒状态强奸妇女,2,醉酒,醉酒,1,,,1,,,1,,,1,,
user_47,11,6394_4,4,利用职务便利；承诺不催款即给予好处，并索要好处；国家机关工作人员,制造正常经营假象，并隐瞒事实真相；签订虚假的商品房买卖合同，并骗取玉石113块,4,先借款，后以不偿还借款为依据而索贿,企业已经进入重整阶段，停止营业，伪造正在经营的假象以签订虚假合同实施诈骗行为,1,,,1,,,5,受贿罪,合同诈骗罪,1,,
user_47,8,4719_1,4,驾驶摩托车尾随；以摩托车加速撞击；轻伤二级,无照驾驶摩托车尾随；踢一脚；抢救无效死亡,4,发生口角；驾驶摩托车尾随；以摩托车加速撞击；轻伤二级,因心情不好欲实施猥亵；无照驾驶摩托车尾随；踢一脚；抢救无效死亡,1,,,1,,,4,寻衅滋事,寻衅滋事与故意伤害的竞合,1,,
user_47,14,6046_4,4,采用殴打及言语威胁等方式；逼迫杨某某签下悔过书并承诺放弃经济利益；构成轻微伤,欺诈胁迫以“空放”形式放贷；要求写借条；以房产证抵押还贷；催讨虚假债务继而诱骗以房抵债的“套路贷”实施诈骗的特征,4,为解决邓与被害人杨某某之间的经济纠纷；强行将被害人杨某某带至他处看管；采用殴打及言语威胁等方式；逼迫杨某某签下悔过书并承诺放弃经济利益；构成轻微伤,欺诈胁迫以“空放”形式放贷；要求写借条；以房产证抵押还贷；催讨虚假债务继而诱骗以房抵债的“套路贷”实施诈骗的特征,4,,关于诈骗罪是否成立的讨论,1,,,3,敲诈勒索,诈骗罪,1,,
user_47,13,6094_1,4,以举报中标人存在资质不合格为由要求其支付封口费,以工程质量存在问题为由要求支付封口费,4,以举报中标人存在资质不合格为由要求其支付封口费；已实际支付,以工程质量存在问题为由要求支付封口费；遭到拒绝后受害人报警,1,,,1,,,3,敲诈勒索,敲诈勒索,1,,
user_47,15,2331_3,4,两被告人均为醉酒后无证驾驶；致一人死亡，两车报废,仅被告人人一人醉酒后无证驾驶；且撞上多辆小汽车、致使被害人死亡；且存在逃逸现象，连续撞击,4,两被告人均为醉酒后无证驾驶；致一人死亡，两车报废,仅被告人人一人醉酒后无证驾驶；且撞上多辆小汽车、致使被害人死亡,3,,关于本案为什么不构成交通肇事罪的论述,1,,,3,交通肇事罪,危险驾驶罪,1,,
user_47,9,3805_2,4,限制人身自由；用手铐铐、开水烫、不让吃饭等手段强制还款,要求以层级方式发展下线；发展过程中存在搜走被害人随身手机、钱包等物品并限制人身自由，采取威胁、殴打等手段迫使被害人骗取家人、朋友汇钱购买产品加入传销组织的行为。,4,限制人身自由；用手铐铐、开水烫、不让吃饭等手段强制还款,搜走被害人随身手机、钱包等物品并限制人身自由，采取威胁、殴打等手段迫使被害人骗取家人、朋友汇钱购买产品加入传销组织的行为。,1,,,1,,,4,非法拘禁罪,组织、领导传销活动罪,1,,
user_47,12,6282_2,4,为了承包运输小煤渣，代为偿还欠款；国家机关工作人员,为了获得安装监理机会，支付相应好处费；非国家机关工作人员,4,为了承包运输小煤渣，代为偿还欠款,为了获得安装监理机会，支付相应好处费,1,,,1,,,1,,,1,,
user_47,10,3862_3,4,非法限制人身自由；以暴力手段获取财物；分赃,强奸情节；盗窃情节；寻衅滋事情节,4,因怀疑是拖，非法限制人身自由；以暴力手段获取财物；分赃,强奸妇女；盗窃车辆；寻衅滋事,1,,,4,敲诈勒索或者抢劫,强奸罪；盗窃罪；寻衅滋事罪,1,,,1,,
user_48,9,3805_1,5,限制人身自由；致他人轻伤二级；致使他人轻微伤,以索要债务为由；限制人身自由；实施殴打、侮辱，致轻伤二级,4,迫使被害人张某还钱，防止其逃跑；搬入该处仍与其同住；限制人身自由；用手铐铐、开水烫、不让吃饭；轻伤二级；轻微伤。,以索要债务为由；一同居住；随时跟随；限制人身自由；实施殴打、侮辱，致全身多处外伤；轻伤二级,1,,,1,,,1,,,1,,
user_48,12,6282_3,5,好处费；提议将该村业务转包；,村委会主任的职务之便；集体资金挪用；至今未还,5,想从该村承包运输小石渣；“好处费”不能少于30万元；提议将该村的小石渣运输业务转包给张某甲；转汇到段某农业银行的账户30万元,村委会主任的职务之便；集体资金挪用；至今未还；归还村集体,1,,,1,,,1,,,1,,
user_48,14,6046_1,5,强行看管；殴打及言语威胁等方式；逼迫承诺放弃经济利益；出具欠条支付“辛苦费”；轻微伤,吸引借款人高利贷款；采用威胁、恐吓等手段以及非法限制人身自由等方式，逼迫被害人还钱，形成恶势力犯罪集团；打砸物品；轻微伤；讨债滋事；,5,强行看管被害人；殴打及言语威胁等方式；逼迫承诺放弃经济利益；出具欠条支付“辛苦费”；轻微伤,吸引借款人高利贷款；采用威胁、恐吓等手段以及非法限制人身自由等方式，逼迫被害人还钱，形成恶势力犯罪集团；带至连云港，在浴室、宾馆进行看管；将张某丙拘禁在汽车内；被非法拘禁4小时；对店内物品进行打砸；轻微伤；店门口的灶台、桌椅踢翻；胶水堵锁眼的方式进行讨债滋事；播放哀乐的方式进行讨债滋事；踹门的方式进行讨债滋事；采用损坏门把手的方式进行滋事；采用言语威胁、恐吓的方式，逼迫被害人岳某支付违约金1万元,1,,,1,,,1,,,1,,
user_48,13,6094_4,5,以不符合招标规定去有关部门反应为由要求赔偿其损失；被害人害怕因举报而同意支付封口费,串通投标；明知同案人围标；买通评标专家帮助中标；扰乱招标现场秩序；共同犯罪,3,不符合招标规定，并以此为由要求谢某1、陈某1赔偿其损失，否则将继续向有关部门反映；害怕因李大良的举报而“废标”；同意支付人民币17万元“封口费”,串通投标；明知同案人围标；买通评标专家帮助中标；共同犯罪,1,,,1,,,1,,,1,,
user_48,11,6394_3,5,利用职务便利；索要他人人民币；,为获得建设项目承建权，向人请托；确保中标；多次送给被告好处费,4,利用职务便利；索要他人人民币；得到钱,为获得建设项目承建权，向人请托；确保中标；多次送给被告好处费,1,,,1,,,1,,,1,,
user_48,8,4719_2,5,发生口角；驾车加速撞击；轻伤二级,发生口角并引发纠纷；手持钢管击中头部枕部处；致当场倒地死亡,4,发生口角；驾车加速撞击；轻伤二级,发生口角并引发纠纷；拿1根方形钢管；手持钢管击中头部枕部处，致当场倒地死亡,1,,,1,,,1,,,1,,
user_48,10,3862_4,5,揪头发、打耳光等方式；非法限制人身自由；抢取款人民币；轻微伤,骗取被害人的信任；盗取被害人的财物,4,怀疑酒托骗钱；揪头发、打耳光等方式；非法限制人身自由；取款人民币2400元；轻微伤,骗取被害人的信任；盗取被害人的财物,1,,,1,,,1,,,1,,
user_48,15,2331_2,5,醉酒后无证驾驶；致使三轮摩托车侧翻；被碾压致使当场死亡及两车损坏的道路交通事故,酒后驾驶；俩车相碰；,5,醉酒后无证驾驶；致使三轮摩托车侧翻；被驾驶的货车碾压；造成当场死亡及两车损坏的道路交通事故,酒后驾驶；俩车相碰；造成两车受损的交通事故,1,,,1,,,1,,,1,,
user_49,3,2132_4,4,伤害他人；造成重伤,售卖管制刀具,4,发生争执；引发揪打；用刀捅刺；重伤二级,售卖弹簧刀、匕首等刀具；均属于管制刀具,1,,,1,,,3,故意伤害罪或寻衅滋事罪,非法携带管制刀具危及公共安全罪,1,,
user_49,4,1972_2,3,打斗造成死亡,打斗造成轻伤,4,发生争吵；携带匕首、砍刀等工具；发生打斗，手持匕首乱戳；造成死亡,发生言语争执；准备刀、棍等凶器；进行砍、打；造成轻伤二级,1,,,1,,,1,,,1,,
user_49,2,259_3,5,骗取财物；销赃,骗取财物；销赃,5,多装载货物；销赃；明知赃物仍然购买,骗取他人货物；销赃,1,,,1,,,1,,,1,,
user_49,0,4891_1,5,酒后驾驶机动车；妨害公务,酒后驾驶机动车；妨害公务,5,酒后驾驶机动车辆；拒不配合，并辱骂出警人员,醉酒驾驶；驾车逃逸；拒不配合，辱骂殴打民警，将手机毁损,1,,,1,,,1,,,1,,
user_49,7,4829_3,4,绑架限制他人自由；故意伤害导致死亡,绑架限制他人自由；因意外导致死亡,5,限制他人自由；殴打体罚；导致死亡；砸坏汽车,绑架他人；殴打；索要人民币；车辆碰撞导致死亡,1,,,1,,,1,,,1,,
user_49,5,1405_1,5,虚构身份信息；编造虚假理由；骗取他人钱财,虚构身份信息；编造虚假理由；骗取他人钱财,5,虚构虚假信息；隐瞒真实身份等事实；骗取他人钱财,虚构自己的身份；编造虚假理由；骗取钱款,1,,,1,,,1,,,1,,
user_49,1,330_2,5,非法占有为目的；破坏财物；实施盗窃,非法占有为目的；多次盗窃,5,砸坏车窗；盗窃车内财物；驾车逃离,分别盗窃公私财物十二次、十次和六次；徒手、携带工具盗窃,1,,,1,,,1,,,1,,
user_50,2,259_4,4,非法侵占他人财物；交易赃物,违反国家规定，倾倒危险废物，污染环境,4,以酬金授意被告人帮其多装货；进行赃物买卖；,污染环境罪；共同犯罪,1,,,1,,,1,,,4,侵占他人财物罪,污染环境罪；共同犯罪
user_50,4,1972_3,4,寻衅滋事；致人身亡,破坏社会秩序；寻衅滋事罪；损毁他人财物,4,发生争吵；约场子准备打架；发生打斗；致人身亡,发生纠纷并引发打架；持械辱骂、恐吓他人；损毁他人财物,1,,,1,,,4,寻衅滋事罪；聚众斗殴罪；,寻衅滋事罪；聚众斗殴罪；,1,,
user_50,1,330_1,4,采用破坏性手段实施盗窃,多次盗窃他人财物，数额较大；多次采用破坏性手段实施盗窃,4,使用螺丝刀将丰田轿车副驾驶车窗砸坏，盗走车内行车记录仪,多次砸碎他人车窗玻璃实施盗窃,1,,,1,,,4,盗窃罪,盗窃罪,1,,
user_50,3,2132_3,4,寻衅滋事；故意伤人；重伤二级,骗取他人财物；伙同他人持械聚众斗殴；共同犯罪,3,发生争吵并引发揪打；用随身携带的折叠刀先后捅刺被害人，致使二人损伤程度为重伤二级,采用诈赌方式实施诈骗；发生拉扯并互相殴打；捅刺致被害人薛某丁左腋胸部和胸背部各1处创口，损伤程度为轻伤二级；致被害人王某后背部1处创口，损伤程度为轻微伤,1,,,1,,,4,寻衅滋事罪；故意伤害罪,诈骗罪；故意伤害罪,1,,
user_50,5,1405_4,4,诈骗,组织传销；诈骗,3,虚构各种事实多次让任某向其汇款；骗取被害人的钱财共计人民币902500元,以父亲重病为由，骗取了被害人的131000元；组织、领导非法传销活动,1,,,1,,,4,诈骗罪,组织、领导传销活动罪；诈骗罪,1,,
user_50,7,4829_2,4,开设赌场；非法拘禁；故意伤人；损坏他人财物,故意伤害；开设赌场；信用卡诈骗；寻衅滋事,3,设置具有赌博功能的游戏机32台供他人进行赌博活动；将王某1拘禁于游戏厅内，限制王某1自由；多次用棍棒打击王某1臀部，李忠多次用拳头、巴掌打击王某1头面部；让王某1喝冰毒过滤水的方式体罚王某1；王某1因全身多处被钝性物体多次打击致挤压综合征死亡；持木棍将汽车右前门玻璃、右前车门、右后车门、后保险杠砸坏,开设赌场；双方发生争执并扭打；以拳打脚踢的方式殴打王某丙、黄某、王某丁，继而从侯万剑驾驶的尼桑车内拿出侯万剑、侯桂雷事先准备的木棍对对方三人进行殴打；王某丙经抢救无效死亡,1,,,1,,,3,故意伤害罪；开设赌场罪；非法拘禁罪；寻衅滋事罪,故意伤害罪；开设赌场罪；信用卡诈骗罪,1,,
user_50,0,4891_2,4,醉驾；妨碍公务,醉驾；限定刑事责任能力,3,血液酒精含量达到151.2503mg／100ml，属醉酒状态驾驶机动车；多次不配合并辱骂出警人员,乙醇成分含量为244mg／100ml，为醉酒驾驶机动车；双相情感障碍，案发时为躁狂状态,1,,,1,,,4,危险驾驶罪；妨碍公务罪,危险驾驶罪,1,,
user_51,7,4829_1,4,殴打，故意伤害罪,寻衅滋事,4,殴打；体罚,索要股份；砸坏游戏机,1,,,1,,,1,,,1,,
user_51,0,4891_3,4,妨碍公务,寻衅滋事罪,4,醉酒状态；辱骂出警人员,厮打；轻伤二级；轻伤一级,1,,,1,,,1,,,1,,
user_51,4,1972_4,5,故意伤害罪,卖淫罪,5,发生打斗；手持匕首乱戳,卖淫罪；帮忙介绍女孩卖淫,1,,,1,,,1,,,1,,
user_51,3,2132_2,4,故意伤害罪；重伤二级,故意伤害罪；重伤二级,4,发生争执；争吵并引发揪打；,乱砍、乱捅；,1,,,1,,,1,,,1,,
user_51,1,330_4,5,盗窃罪,妨害公务罪,4,盗窃捷渡行车记录仪,拒不配合酒精抽血；以暴力方法阻碍国家机关工作人员依法执行职务,1,,,1,,,5,盗窃罪,妨害公务罪,1,,
user_51,2,259_1,4,非法占有,盗窃罪,4,纯碱是赃物；非法占有的纯碱,盗窃托辊支架、托辊、分梳,1,,,1,,,4,非法占有罪,盗窃罪,1,,
user_51,5,1405_3,4,诈骗罪；未婚生育,遗弃罪；重婚罪,4,隐瞒其真实身份及已生育子女的事实；骗取被害人任某的钱财,将蒋某遗弃在房间内；刻意隐瞒已婚事实,1,,,1,,,1,诈骗罪,遗弃罪；重婚罪,1,,
user_52,0,4891_4,5,酒后滋事；妨碍公务,非法占有为目的；多次盗窃；数额较大；侵犯他人财产所有权,5,酒后驾驶机动车辆；拒不配合；辱骂出警人员,多次秘密窃取他人财物，价值达46029元,1,,,1,,,1,,,1,,
user_52,5,1405_2,5,非法占有为目的；诈骗私人财物；侵犯他人财产所有权,非法占有为目的；诈骗私人财物；数额巨大；侵犯他人财产所有权,5,虚构各种事实多次让任某向其汇款；先后骗取被害人任某的钱财共计人民币902500元；用于个人开支和高消费挥霍,采用虚构事实的方法骗取他人现金20万元，数额巨大,1,,,1,,,1,,,1,,
user_52,2,259_2,5,非法占有为目的；以牟利为目的窃取公司货物；侵犯公司财产所有权,非法占有为目的；秘密窃取他人财物；数额较大；侵犯他人财产所有权,4,授意被告人汪某甲帮其多装货；被告人刘某乙在明知纯碱是赃物的情况下，仍以每吨人民币1210元的价格购买24吨纯碱；被非法占有的纯碱共计价值人民币19650元；共同犯罪,被告人刘某甲将盗窃的16.6吨水稻以每斤1.42元的价格（价值人民币47140元）卖给收粮户孙某；起诉数额为49800元，数额较大,1,,,1,,,1,,,1,,
user_52,4,1972_1,5,殴打他人；致他人死亡,殴打他人；致他人重伤、死亡,5,被告人遭到言语调戏，发生争吵；纠集多人携带匕首、砍刀等工具，发生打斗；手持匕首乱戳对方，致被害人受伤后经抢救无效死亡；共同犯罪,被告人性骚扰他人；纠集多人持械与他人聚众斗殴，在斗殴过程中致一人死亡，两人重伤；共同犯罪,1,,,1,,,1,,,1,,
user_52,1,330_3,5,非法占有为目的；盗窃；故意毁坏财物；侵犯他人财产所有权,以暴力、胁迫方法抢劫他人财物；在公共交通工具上抢劫；抢劫数额巨大,5,使用螺丝刀将丰田轿车副驾驶车窗砸坏，盗走车内一台价值人民币2587元的捷渡行车记录仪；共同犯罪,结伙以暴力、胁迫方法抢劫他人财物；抢得现金人民币300元、苹果6S手机1部（无法核价）及小型轿车（价值人民币110000元），威胁被害人提取现金人民币2000元；抢劫数额巨大,1,,,1,,,1,,,1,,
user_52,7,4829_4,5,蓄意报复；故意毁坏他人财物,蓄意报复；故意毁坏村委会财产,5,持木棍砸坏他人汽车；损失金额共计人民币2630.9元；共同犯罪,酒后闯入本村村委会，砸碎玻璃，砸坏扩音器、电话机、验钞器等，给村委会造成经济损失2012元,1,,,1,,,1,,,1,,
user_52,3,2132_1,5,殴打他人；致他人重伤,殴打他人；致他人重伤,5,发生争执，引发揪打；用随身携带的折叠刀捅刺被害人；重伤二级,产生口角，实施殴打；持刀将被告人刺伤；重伤二级；轻伤二级；共同犯罪,1,,,1,,,1,,,1,,
user_53,15,2331_1,3,酒驾；交通肇事罪；经济赔偿,酒驾；交通肇事罪；经济赔偿,4,醉酒；无证驾驶；无号牌；主要责任；次要责任,醉酒；醉酒驾驶；无号牌；主要责任；次要责任,1,,,1,,,1,,,1,,
user_53,9,3805_4,3,故意伤害,故意杀人罪,4,借贷,巨额债务,4,,相约自杀,1,,,1,,,1,,
user_53,13,6094_3,3,敲诈勒索,非国家工作人员受贿罪,4,中标；封口费,中标；感谢费,1,,,1,,,1,,,1,,
user_53,12,6282_4,4,受贿罪,挪用资金罪,3,村委会主任；好处费；提议；偿还借款,挪用资金；村主任；职务之便,1,,,1,,,1,,,1,,
user_53,14,6046_2,4,故意伤害罪；敲诈勒索罪,抢劫罪；敲诈勒索罪,4,经济纠纷；指使；殴打及言语威胁；逼迫；欠条支付“辛苦费”,强迫；虚假借条；人身控制；殴打；强行劫取,1,,,1,,,1,,,1,,
user_53,10,3862_1,4,非法侵占他人财产罪；故意伤害罪；非法拘禁罪,故意伤害罪；非法拘禁罪,5,纠集；限制人身自由；殴打；言语威胁；轻微伤,邀约；暴力、恐吓；限制人身自由；轻微伤,1,,,1,,,1,,,1,,
user_53,11,6394_2,5,受贿罪,受贿罪,3,职务便利；索要好处费；如实坦白；退缴赃款,职务便利；谋取利益；收受款物；追缴,1,,,1,,,1,,,1,,
user_53,8,4719_3,3,故意伤害罪；肇事逃逸,交通肇事罪；,4,口角；打耳光；趁其不备；轻伤二级；抓获,受伤后死亡；道路交通事故；肇事逃离,1,,,1,,,1,,,1,,
user_54,9,3805_3,4,非法拘禁他人，限制人身自由；随意伤害他人,随意伤害他人；奸淫幼女,4,强迫他人还钱；使用手铐铐、开水烫、不让吃饭等手段；轻伤二级及轻微伤,胁迫、殴打他人；多次奸淫,1,,,1,,,1,,,1,,
user_54,8,4719_4,5,故意伤害他人,非法占有为目的；违背妇女意志，强奸妇女,4,发生口角；驾车加速撞击；轻伤二级,持刀威胁；劫取他人财物；强奸妇女；多次犯案,1,,,1,,,1,,,1,,
user_54,11,6394_1,5,利用职务便利；索要、收受贿赂,利用职务便利；索取、收受贿赂,3,企业借贷；以不催款为由索要好处费；数额巨大达200000元,多次收受贿赂；为他人工程支付等提供便利；数额巨大达920000元,1,,,1,,,1,,,1,,
user_54,12,6282_1,4,利用职务便利；非国家工作人员受贿,利用职务便利；非国家工作人员受贿,4,转包小石渣运输业务；收受“好处费”,土地租赁建厂,1,,,1,,,1,,,1,,
user_54,10,3862_2,4,以暴力、胁迫手段抢劫他人财物,以暴力、胁迫手段抢劫他人财物,4,非法限制他人人身自由；言语威胁；多人合伙作案；劫持财物共计4600元,持刀恐吓；数额巨大，劫持现金人民币47万元,1,,,1,,,1,,,1,,
user_54,13,6094_2,4,敲诈勒索，索要他人财物,敲诈勒索，索要他人财物,5,公司项目招标；对被害人施压，索要“封口费”,情人关系；以揭发隐私为由威胁他人；索要现金32000元,1,,,1,,,1,,,1,,
user_54,15,2331_4,4,酒后驾驶致人死亡；无证驾驶,趁他人无意识状态无法反抗时与他人发生性关系；违背妇女意志，强奸妇女,5,醉酒状态犯罪,醉酒状态犯罪,1,,,1,,,1,,,1,,
user_54,14,6046_3,5,随意殴打他人，致他人轻伤,随意殴打他人，致他人轻伤,4,非法限制他人人身自由；殴打及言语威胁；索要“辛苦费”；轻微伤,发生口角；轻伤二级,1,,,1,,,1,,,1,,
user_55,11,6394_4,2,受贿,诈骗,4,索要好处费,收取好处费；骗取玉石,1,,,1,,,1,,,1,,
user_55,15,2331_3,5,危害公共安全罪,危害公共安全罪,5,醉酒；无证驾驶；被害人死亡；车辆损坏,醉酒；无证驾驶；被害人死亡；车辆损坏；多次肇事逃逸,1,,,1,,,1,,,1,,
user_55,9,3805_2,5,非法拘禁罪,组织、领导传销活动罪；非法拘禁罪,5,限制人身自由；轻伤二级,限制人身自由；轻伤二级；威胁；殴打；骗取财物；,1,,,1,,,1,,,1,,
user_55,13,6094_1,5,敲诈勒索,敲诈勒索,5,要挟举报；索要钱财,要挟举报；索要钱财,1,,,1,,,1,,,1,,
user_55,8,4719_1,5,故意伤害罪,寻衅滋事罪；故意伤害罪,2,驾车撞击；轻伤二级,踢到；猥亵；死亡,1,,,1,,,1,,,1,,
user_55,12,6282_2,5,非国家工作人员受贿罪,非国家工作人员受贿罪,5,利用职务之便；索要好处费,利用职务之便；索要好处费,1,,,1,,,1,,,1,,
user_55,10,3862_3,5,寻衅滋事罪,寻衅滋事罪,5,殴打；物损；轻微伤,殴打；物损；轻微伤,1,,,1,,,1,,,1,,
user_55,14,6046_4,3,敲诈勒索,诈骗,3,殴打；威胁；轻微伤,诱骗,1,,,1,,,1,,,1,,
user_56,8,4719_2,5,轻伤二级;钝性物体作用,非法损害他人身体健康;造成他人死亡;故意伤害罪;,5,尾随被害人;趁被害人林某1不备;驾车加速撞击,用方型铁管殴打被害人;发生纠纷,1,,,1,,,1,,,1,,
user_56,13,6094_4,5,要求谢某1、陈某1赔偿其损失,串通投标;;裁定本次招标投标结果无效,5,举报;提出要人民币20万元作为“封口费”;同意支付人民币17万元“封口费”,许以酬谢;进行“围标”;帮助其用于围标的公司中标,1,,,1,,,1,,,1,,
user_56,9,3805_1,5,存在借贷关系;限制人身自由;轻伤二级,存在债权债务关系;限制被害人王能新的人身自由;致被害人王能新全身多处外伤;轻伤二级,5,"为迫使被害人张某还钱，防止其逃跑,与其同住;采取用手铐铐、开水烫、不让吃饭等手段，强令被害人张某还钱",以索要债务为由，与被害人王能新一同居住;贴身跟守索要债务;打电话都采用免提方式、限制其接打电话及收发短息、控制与外界接触;电棍电击、针灸刺扎身体等方式多次对被害人实施殴打、侮辱,1,,,1,,,1,,,1,,
user_56,15,2331_2,5,醉酒;无证驾驶;无号牌;李某当场死亡；道路损坏,酒后驾驶小轿车；,2,在转弯路口发生碰刮，致使三轮摩托车侧翻;,两车受损；无拒捕行为,1,,,1,,,1,,,1,,
user_56,10,3862_4,5,纠集被告人；殴打；销赃；分赃；轻微伤,捏造事实；骗取被害人的信任；盗窃；非法占有；秘密窃取,5,纠集被告人隋鑫、王某甲到青岛找周某要钱；揪头发、打耳光；强行拖入轿车；手机不慎掉落被捡起；索要手机号；被迫交出银行卡；,通过聊天获取被害人的信任并交换手机号码；趁被害人不注意之际,1,,,1,,,1,,,1,,
user_56,14,6046_1,5,解决经济纠纷；殴打及言语威胁；外伤致左枕部头皮下血肿，构成轻微伤,威胁、恐吓；非法限制人身自由；形成恶势力犯罪集团；非法拘禁；敲诈勒索；寻衅滋事行为；滋扰、纠缠，扰乱他人正常工作、生活,5,带至他处看管；逼迫杨某某签下悔过书并承诺放弃经济利益；出具欠条支付“辛苦费”5万元,通过业务推广、张贴广告、电话联系等方式，吸引借款人高利贷款；成立催讨组；逼迫被害人还钱；堵锁眼、放哀乐、踹门,1,,,1,,,1,,,1,,
user_56,12,6282_3,5,利用职务之便；收受贿赂,利用职务之便；挪用资金；社会危害性相对较小；并未用于经营或违法活动,5,找“九弟”陆建明想从该村承包运输小石渣；索要“好处费”；转汇到段某农业银行的账户30万元,用村委集体资金偿还了其个人在信用社的贷款；,1,,,1,,,1,,,1,,
user_56,11,6394_3,4,利用职务便利；索要财物,行贿罪；谋取不正当利益,4,索要他人人民币200000元,借用其他公司资质采取围标方式；先后12次送给余某1好处费共计人民币133万元,1,,,1,,,1,,,1,,
user_57,5,1405_1,5,非法占有;虚构事实;诈骗财物;数额特别巨大,非法占有;虚构事实;诈骗财物;数额特别巨大,5,隐瞒个人信息及家庭等真实情况;虚构虚假信息;骗取人民币902500元,虚构自己的身份;骗取被害人的信任;编造虚假理由;骗得人民币56.705万元,1,,,1,,,1,,,1,,
user_57,3,2132_4,5,非法携带管制刀具危及公共安全；故意伤害致人重伤；其行为破坏社会秩序,非法携带管制刀具危及公共安全,5,发生争执；折叠刀致人受伤；重伤二级,售卖管制刀具,1,,,1,,,1,,,1,,
user_57,2,259_3,5,非法占有；共同犯罪,非法占有；共同犯罪,5,多装载了15吨纯碱；非法占有的纯碱共计价值人民币19650元,窃得废钢共计44.35吨；价值人民币88700元,1,,,1,,,1,,,1,,
user_57,0,4891_1,5,危险驾驶；妨害公务；,危险驾驶；妨害公务；交通肇事；致人轻伤,5,醉酒状态；拒不配合；辱骂威胁出警人员,醉酒状态；拒不配合；辱骂威胁出警人员；驾车逃逸；轻微伤,1,,,1,,,1,,,1,,
user_57,1,330_2,5,非法占有为目的；共同犯罪；盗窃私人财物,非法占有为目的；共同犯罪；盗窃公私财物；数额较大,5,放风；砸坏车窗；盗走行车记录仪,接应及望风；将窗户防盗网剪开；盗窃电脑、液晶电视、摩托车、电动车,1,,,1,,,1,,,1,,
user_57,4,1972_2,5,持械聚众斗殴；致人死亡,持械聚众斗殴；致人轻伤,5,纠集同伙；约场子打架；携带匕首、砍刀等工具；致被害人抢救无效死亡,纠集同伙；准备刀、棍等凶器；致高某受伤,1,,,1,,,1,,,1,,
user_57,7,4829_3,5,非法拘禁；随意殴打他人；致人死亡；报假案,以勒索财物为目的绑架；殴打他人,5,拘禁，限制自由；多种方式殴打；挤压综合征,密谋绑架，限制自由；殴打；索要5000元,1,,,1,,,1,,,1,,
user_58,5,1405_4,5,非法占有他人财物；诈骗罪,非法占有他人财物；诈骗罪,5,隐瞒婚姻状况和生育情况,隐瞒婚姻状况；利用恋爱情感,1,,,1,,,1,,,1,,
user_58,3,2132_3,4,故意伤害罪,聚众斗殴罪,4,重伤二级,轻伤二级,1,,,1,,,1,,,1,,
user_58,0,4891_2,3,妨害公务罪,危险驾驶罪,5,酒后驾驶机动车,醉酒驾驶机动车,1,,,1,,,1,,,1,,
user_58,2,259_4,3,非法牟利,严重污染环境,5,非法占有纯碱,倾倒危险废物,1,,,1,,,1,,,1,,
user_58,7,4829_2,5,故意伤害罪；开设赌场罪；寻衅滋事罪,故意伤害罪；开设赌场罪,5,非法开设赌场；伤害致人死亡；拦截警车殴打他人,非法开设赌场；伤害致人死亡；破坏他人汽车,1,,,1,,,1,,,1,,
user_58,4,1972_3,5,聚众斗殴,聚众闹事,4,聚众斗殴；伤害致人死亡,寻衅滋事；破坏他人财产,1,,,1,,,1,,,1,,
user_58,1,330_1,5,盗窃罪；破坏性手段,盗窃罪；破坏性手段,5,砸坏车窗盗取财物,砸坏车窗盗取财物,1,,,1,,,1,,,1,,
user_59,1,330_4,4,盗窃,酒驾,4,导致他人财产受到损失；共同犯罪；赔偿4651元,导致他人财产受到损失；妨碍公务罪；赔偿217500元,1,,,1,,,1,,,2,临时起意,故意隐瞒饮酒事实
user_59,5,1405_3,3,隐瞒其真实身份及已生育子女的事实；骗婚；骗取他人钱财,刻意隐瞒已婚事实；有配偶而与他人以夫妻名义同居生活,3,共计人民币902500元,重婚罪；遗弃罪,1,,,1,,,1,,,1,,
user_59,2,259_1,5,以非法占有为目的；数额较大；侵犯他人财产所有产权,以非法占有为目的；侵犯他人财产所有产权,5,共计价值人民币19650元；共同犯罪,多次盗窃；盗窃物品价值人民币248002.8216元；共同犯罪；盗窃罪；掩饰隐瞒犯罪所得罪,1,,,1,,,1,,,1,,
user_59,0,4891_3,4,酒后滋事；醉酒驾车；威胁国家机关工作人员,发生口角；致他人轻伤；等人发生厮打（故意伤害他人身体）；破坏社会秩序,4,妨碍公务的犯罪事实,轻伤一级；轻伤二级；寻衅滋事罪；共同犯罪,1,,,1,,,1,,,1,,
user_59,4,1972_4,5,聚众；故意伤害他人（携带匕首、砍刀等工具）,组织他人卖淫；,5,实施伤人；致他人死亡；共同犯罪,容留、介绍卖淫罪；嫖宿幼女罪；共同犯罪,1,,,1,,,1,,,1,,
user_59,7,4829_1,5,非法拘禁他人；非法剥夺他人人身自由；致他人死亡；情节严重；以赌博盈利为目的；组织他人聚众赌博；销毁罪证；故意损害他人财物,指使他人纠集人员任意损毁财物；情节严重；开设赌场；聚众赌博；非法获利,5,非法拘禁；实施殴打；共同犯罪；开设赌场；聚众赌博；任意损毁他人财物,任意损毁他人财物；寻衅滋事罪；开设赌场罪；共同犯罪,1,,,1,,,1,,,1,,
user_59,3,2132_2,5,随意殴打他人；致多人重伤,故意伤害他人身体；情节严重,5,发生争吵；实施揪打；重伤二级,故意伤害他人身体；故意伤害罪；重伤二级,1,,,1,,,1,,,1,,该状态是由其喝酒的自陷行为引发，被告人王少辉主观上有伤害他人的故意，客观上实施了伤害他人的行为
user_60,4,1972_1,5,持械聚众斗殴；致他人死亡；其行为破坏社会秩序,持械聚众斗殴；致他人死亡；其行为破坏社会秩序,4,携带匕首、砍刀等工具；发生打斗；造成死亡,持匕首、竹竿与空心钢管等；发生殴斗；造成死亡,1,,,1,,,1,,,1,,
user_60,1,330_3,5,蓄意破坏他人财产；盗窃,威胁他人；实施抢劫,3,使用螺丝刀将丰田轿车副驾驶车窗砸坏；盗走车内行车记录仪,使用玩具手枪谎称真枪威胁；抢走汽车和财物,1,,,1,,,1,,,1,,
user_60,0,4891_4,5,酒后滋事；妨碍公务,多次窃取他人财物；累犯,3,到孙小寨阻碍，孙小寨拒不配合，并辱骂出警人员,多次盗窃,1,,,1,,,1,,,1,,
user_60,2,259_2,5,以非法占有为目的，秘密窃取他人财物,以非法占有为目的，秘密窃取他人财物,3,授意被告人XXX多装货、装卸；非法占有纯碱,将车开走把车上水稻偷走一部分卖掉,1,,,1,,,1,,,1,,
user_60,3,2132_1,5,故意伤害他人身体健康，致他人重伤,故意伤害他人身体健康，致他人重伤,4,发生争吵并引发揪打；用随身携带的折叠刀先后捅刺他人；重伤二级,产生口角，继而发生打斗；持刀将被告人李某甲刺伤；重伤二级；轻伤二级,1,,,1,,,1,,,1,,
user_60,7,4829_4,5,限制人身自由；故意伤害他人身体健康，致他人死亡；故意毁坏他人财物,拒绝执行判决；故意毁坏他人财物,3,棒球棍殴打；限制王某1自由；持木棍将汽车右前门玻璃、右前车门、右后车门、后保险杠砸坏,宁河县人民法院的调解书送达后，邹全保不予履行；砸碎了窗户玻璃14块，砸坏办公室内的扩音机、电话机、验钞器、铝壶、铁炉子和桌椅等，烧毁计划生育帐卡,1,,,1,,,1,,,1,,
user_60,5,1405_2,5,以非法占有为目的，采用虚构事实的方法骗取他人现金,以非法占有为目的，采用虚构事实的方法骗取他人现金,3,虚构家中出事急用钱等虚假信息；李芬梅又承诺愿与任某结婚，骗得任某的信任；骗取被害人任某的钱财共计人民币902500元,虚构镇宁农村信用社大数据项目；骗取任某1将20万元存入陈倩开设在建设银行的个人账户,1,,,1,,,1,,,1,,
user_61,14,6046_2,4,殴打；威胁；人身控制；经济纠纷,殴打；威胁；人身控制；经济纠纷,4,轻微伤；“辛苦费”；,迫使安某某联系家属交付一套木制家具及现金20万元；强行劫取2万元,1,,,1,,,1,,,1,,
user_61,10,3862_1,5,非法限制人身自由；暴力威胁；言语威胁；勒索；伙同他人,非法限制人身自由；暴力恐吓；勒索；伙同他人,4,轻微伤；以酒托骗钱找被害人要钱,颈部轻微伤；以所购手表系假表的问题，邀约被告人彭东来一同前往兴文县寻找售卖人姚某某解决此事,1,,,1,,,1,,,1,,
user_61,15,2331_1,5,醉酒驾驶；无证驾驶；经济赔偿；人死亡,醉酒驾驶；单方无证驾驶；人受伤；经济赔偿,5,酒驾；无证驾驶；李某当场死亡及两车损坏,酒驾；无证驾驶；被告人张文智在交通事故损伤程度为轻伤二级；被害人李某在交通事故损伤程度为重伤二级,1,,,1,,,1,,,1,,
user_61,8,4719_3,4,发生口角；报复行为；被害人轻伤二级,无证无牌驾驶；肇事逃逸；被害人死亡,4,被告人因发生口角和被扇耳光的报复行为；被害人轻伤二级,肇事逃逸；被害人林某丁因重型颅脑损伤致中枢性呼吸循环功能衰竭死亡,1,,,1,,,1,,,1,,
user_61,9,3805_4,4,限制人身自由；被害人受伤,赌博欠下大额赌债；自杀,4,借贷关系；被害人张某的烫伤程度构成轻伤二级，被害人杨某2的烫伤程度构成轻微伤,自杀未遂致他人死亡,1,,,1,,,1,,,1,,
user_61,13,6094_3,4,封口费,贿赂,4,在建工程不符合招标规定,给其他竟标公司找漏洞,1,,,1,,,1,,,4,隐藏事实中标,贿赂中标
user_61,12,6282_4,4,贿赂,一个人财产贿赂,4,抵账,采用村集体资金抵账,1,,,1,,,1,,,1,,
user_61,11,6394_2,5,受贿,受贿,5,受贿；利用职务便利，不催款换取索要他人人民币200000元,利用担任北京人民广播电台台长的职务便利，为王某1实际控制的相关公司谋取利益，收受款物折合人民币共计160余万元,1,,,1,,,1,,,1,,
user_62,9,3805_3,3,侵犯未成年人人身自由权；殴打未成年人；以威胁为目的,侵犯未成年人性自主权；教唆他人殴打未成年人；以强奸为目的,5,未成年人；限制人身自由；虐待,未成年人；教唆他人殴打致轻微伤；奸淫,1,,,1,,,1,,,1,,
user_62,12,6282_1,5,利用职务之便非法索要收受贿赂并为他人谋取利益；主动索要贿赂,利用职务之便非法索要收受贿赂并为他人谋取利益；主观故意受贿,4,直接索要“好处费”；利用职务之便转让业务为他人谋取利益并收受贿赂；谋取私利,利用职务便利为他人谋取利益并收受贿赂；主观故意受贿；谋取私利,1,,,2,,“利用职务上的便利，非法收受他人财物，为他人谋取利益”  中为他人谋取利益，在候选案例中似乎不是为企业谋取，按照辩解原因，似乎企业没有获得租赁土地便宜之类的好处。似乎和查询案例不太一样。,1,,,1,,
user_62,10,3862_2,4,侵犯他人财产所有权；威胁恐吓；非法占有为目的,侵犯他人财产所有权；暴力、胁迫手段抢劫他人财物；非法占有为目的；数额较大,4,怀疑不满；限制自由；言语威胁与殴打；抢夺他人财物；共同犯罪,心生不满；持刀恐吓；抢夺他人财物；共同犯罪,1,,,1,,,1,,,1,,
user_62,11,6394_1,4,利用职务便利收受贿赂并为他人谋利；数额较大；主动认罪,利用职务便利收受贿赂并为他人谋利；数额较大；主动认罪；累犯,4,利用职务便利为他人谋利并索要财物；主动认罪,利用职务便利为他人谋利并索要财物；主动认罪；次数较多,1,,,1,,,1,,,1,,
user_62,15,2331_4,4,酒后无证驾驶；道路交通事故,以强奸为目的；使被害人不知反抗的手段；侵犯妇女的性自主权,5,酒后无证驾驶；道路交通事故；醉酒状态；,醉酒处于无意识状态不知反抗的情形下；室内,1,,,1,,,1,,,1,,
user_62,13,6094_2,4,以非法占有为目的；敲诈勒索；数额较大；侵犯他人隐私权,以非法占有为目的；多次敲诈勒索；数额较大,3,心怀不满；掌握不合规信息多次敲诈勒索；存在利益纠纷,情人关系；掌握隐私并以此要挟敲诈；主动投案,1,,,1,,,1,,,1,,
user_62,8,4719_4,4,故意伤人；轻伤二级,暴力胁迫；以占有为目的；抢夺他人钱财；侵犯妇女性自主权,4,发生口角；尾随冲撞；轻伤二级,预谋作案，多次作案；持刀胁迫；抢劫财物；强奸妇女,1,,,1,,,1,,,1,,
user_62,14,6046_3,4,限制人身自由；威胁恐吓他人,故意伤人；轻伤二级,3,看管限制人身自由；殴打及言语威胁；逼迫放弃经济利益；轻微伤,发生口角；轻伤二级与轻微伤；,1,,,1,,,1,,,1,,
user_63,15,2331_3,5,酒醉驾驶；无证驾驶；致他人死亡；双方责任,酒醉驾驶；无证驾驶；致他人死亡；逃逸；单方责任,3,醉酒状态；无驾驶证；被害人当场死亡,醉酒状态；无驾驶证；被害人死亡；逃离现场；事后投案,1,,,1,,,1,,,1,,
user_63,10,3862_3,4,共同犯罪；殴打致他人轻微伤；限制自由；盗窃财物,共同犯罪；强奸他人；殴打致他人轻微伤；盗窃财物,3,纠集；心生不满；实施殴打；强行拖入车内；销售被害人财物,实施殴打；销售被害人财物,5,多人共同犯下相同罪行,不同人所犯下罪行不一样,1,,,1,,,1,,
user_63,14,6046_4,4,殴打他人致轻微伤；威胁索要财物,诱骗财物,3,轻微伤；索取财物,索取财物,1,,,1,,,1,,,1,,
user_63,9,3805_2,4,致他人轻伤；限制他人自由；谅解,致他人轻伤；限制他人自由；传销,3,开水烫；手铐铐；轻伤二级；开谅解书,烟头烫；开水烫；,5,被告人集体相同罪；取得谅解,被告人主犯主要都是犯传销；,1,,,1,,,1,,
user_63,11,6394_4,5,索要财物；利用职务之便,诈骗财物,3,索要20万人民币,诱骗玉石,1,,,1,,,1,,,1,,
user_63,13,6094_1,5,要狭财物,要狭财物,4,索要20万；以举报要狭,索要50万；以举报要狭,1,,,1,,,1,,,1,,
user_63,8,4719_1,4,致他人轻伤；撞击他人,致他人死亡；殴打他人,4,发生口角；加入撞击；倒地受伤；轻伤二级,无证驾驶；踢一脚；倒地受伤；致他人死亡,1,,,1,,,1,,,1,,
user_63,12,6282_2,5,非国家人员受贿,非国家人员受贿,4,非国家公务人员；好处费30万,非职务之便；点子费,1,,,1,,,1,,,1,,
user_64,9,3805_1,4,致他人轻伤；限制人身自由,致他人轻伤；限制人身自由,3,限制人身自由；轻伤二级；,非法拘禁，限制人身自由；轻伤二级,1,,,1,,,1,,,1,,
user_64,15,2331_2,4,醉酒驾驶；两车损坏；人员死亡,酒后驾驶；两车受损；,4,醉酒驾驶；无证驾驶；有人员当场死亡；事故车辆损坏,酒后驾驶；事故车辆受损,1,,,1,,,1,,,1,,
user_64,11,6394_3,4,威胁他人，索要钱财；受贿,行贿；滥用职权,4,索要好处费；受贿,行贿；利用职权之便，在招标中作弊；,1,,,1,,,1,,,1,,
user_64,14,6046_1,5,限制人身自由；敲诈勒索；随意殴打他人；言语威胁；致他人轻伤；,非法拘禁；寻衅滋事；敲诈勒索；行为破坏社会秩序；扰乱他人正常工作、生活,4,为解决经济纠纷；强行将被害人杨某某带至他处看管；殴打及言语威胁；索要辛苦费；轻微伤,放高利贷；威胁、恐吓被害人；非法限制人身自由；形成恶势力犯罪集团；实施违法犯罪行为并拍成视频上传；扰乱他人正常工作、生活,1,,,1,,,1,,,1,,
user_64,12,6282_3,4,滥用职权；敲诈勒索,非法挪用资金,3,利用职权转包石渣运输业务；索要好处费,利用职务之便，将村集体资金3挪用给个人、归还个人公司贷款；,1,,,1,,,1,,,1,,
user_64,10,3862_4,4,随意殴打他人；致他人轻伤；非法限制他人人身自由；恐吓他人；强拿硬要、占用他人财物,盗窃他人财物,5,殴打被害人；非法限制被害人人身自由；索要被害人财物；拾起被害人财物后不归还；言语威胁被害人；轻微伤,捏造虚假信息，骗取被害人的信任；盗窃他人财物,1,,,1,,,1,,,1,,
user_64,8,4719_2,4,随意殴打他人；致他人轻伤；,随意殴打他人；情节严重；,3,发生口角；殴打他人；驾摩托车加速撞击；轻伤二级,发生口角并引发纠纷；手持钢管击中被害人头部；被害人死亡,1,,,1,,,1,,,1,,
user_64,13,6094_4,4,敲诈勒索；虚假举报；威胁他人；,串通投标；滥用职权；行贿,4,威胁被害人废标，索要金钱；虚假举报被害人的工程不合格；制定威胁“协议书”,买通、请托评标专家；许以酬谢,1,,,1,,,1,,,1,,
user_65,4,1972_2,4,规模较大的聚众斗殴，携带器械，后果较为严重，致人死亡,规模较大的聚众斗殴，携带器械，致他人轻伤，社会影响极为恶劣,4,聚众斗殴，事前预谋，携带器械，致人死亡,聚众斗殴，携带器械，在医院内发生，轻伤二级,1,,,1,,,1,,,1,,
user_65,1,330_2,5,盗窃罪；伙同犯罪,盗窃罪；伙同犯罪；多次犯罪；有前科犯罪,5,砸坏车窗；伙同犯罪；盗走价值人民币2587元的财物,盗窃公私财物多次；伙同犯罪；盗窃财物累计价值较高,1,,,1,,,1,,,1,,
user_65,0,4891_1,5,酒驾；妨碍公务；社会影响恶劣,酒驾；妨碍公务；肇事逃逸；致人轻伤；社会影响恶劣,5,酒后驾驶；血液酒精含量达到151.2503mg/100ml；多次辱骂出警人员；威胁出警人员,酒后驾驶；血液乙醇含量达到348.565mg/100ml；肇事逃逸；辱骂、威胁、殴打民警；致人轻伤；造成他人经济损失,1,,,1,,,1,,,1,,
user_65,5,1405_1,5,诈骗罪；编造虚假信息；隐瞒真实信息；骗取钱财累计人民币902500元；涉案金额巨大,诈骗罪；虚构身份；编造虚假信息；骗取钱财累计人民币56.705万元；涉案金额巨大,5,编造、虚构虚假信息；隐瞒真实信息；骗取钱财累计人民币902500元,虚构身份；编造虚假信息；骗取钱财累计人民币56.705万元,1,,,1,,,1,,,1,,
user_65,3,2132_4,5,殴打他人；致他人重伤二级；后果恶劣,非法携带管制刀具危及公共安全罪；售卖管制刀具,4,发生争执；引发揪打；随身携带折叠刀；捅刺他人；重伤二级,非法携带管制刀具危及公共安全罪；售卖管制刀具,1,,,1,,,1,,,1,,
user_65,2,259_3,5,贿赂罪；盗窃罪；涉案财物19650元；贿赂金额2000元,盗窃罪；编造虚假信息；涉案价值人民币88700元,5,贿赂他人；非法占有财物；累计价值19650元,盗窃财物；涉案废钢共计44.35吨；涉案价值人民币88700元,1,,,1,,,1,,,1,,
user_65,7,4829_3,5,赌博；故意殴打他人；非法拘禁他人；限制人身自由；殴打他人致死；涉毒；报假案；毁坏他人财产；后果极为恶劣,不正当性关系；绑架他人；殴打他人,5,设置赌博厅；限制他人人身自由；非法拘禁；殴打他人；涉毒；致人死亡；销毁罪证；报假案；毁坏他人财物,不正当两性关系；发生矛盾；绑架他人；索要钱财；殴打他人,1,,,1,,,1,,,1,,
user_66,4,1972_3,3,聚集滋事；持器械；殴打他人至死亡,聚集衅事；持器械；社会影响恶劣,4,纠集；约场子打假；匕首、砍刀；发生打斗；致被害人岳兵受伤后经抢救无效死亡,纠集；木棍；聚集衅事，社会影响恶劣,1,,,1,,,1,,,1,,
user_66,0,4891_2,3,酒后驾驶；妨碍公务罪；投案自首情节,酒后驾驶；危险驾驶罪；限定刑事责任能力,4,酒后驾驶；威胁并辱骂出警人员；主动投案自首,酒后驾驶；与其他车辆发生碰撞；双相情感障碍，躁狂状态,1,,,1,,,1,,,1,,
user_66,2,259_4,3,共同犯罪；非法占有；出售赃物；主动投案自首,共同犯罪；环境污染罪；主动投案自首,4,多装卸一板纯碱给其人民币200元；明知赃物仍购买；向公安机关退回赃款，主动缴纳罚金,每吨90元的价格给予倾倒报酬；严重污染环境；主动投案；自愿交纳环境资源修复费用,1,,,1,,,1,,,1,,
user_66,3,2132_3,4,故意伤害他人身体；致他人重伤,诈骗罪；聚众斗殴罪；共同犯罪；故意伤害他人身体；致他人轻伤,3,偶发矛盾；伤害他人致人重伤；匕首,骗取他人钱财；聚集滋事；匕首；致他人轻伤；立功表现；如实供述,1,,,1,,,1,,,1,,
user_66,1,330_1,4,盗窃罪；以破坏手段实施盗窃,盗窃罪；以破坏手段实施盗窃,4,砸车窗玻璃；实施盗窃,砸车窗玻璃；实施盗窃；多次作案,1,,,1,,,1,,,1,,
user_66,5,1405_4,3,以非法占有为目的骗取他人钱财；诈骗罪,以非法占有为目的骗取他人钱财；诈骗罪；组织、领导传销活动罪,4,虚构未婚事实和利用恋爱情感骗取他人钱财,虚构未婚事实和利用恋爱情感骗取他人钱财；组织传销活动,1,,,1,,,1,,,1,,
user_66,7,4829_2,4,开设赌场；故意伤害；销毁证据，报假案；寻衅滋事；损害他人财物,故意伤害罪；开设赌场罪；寻衅滋事罪；殴打他人；信用卡诈骗罪,4,开设具有赌博性质的游戏厅；进行赌博活动；非法拘禁他人；故意伤害至他人死亡；清理现场，销毁罪证，并企图以报假案的方式逃避法律追究；纠集滋事，持木棍砸车,开设赌场而为赌博人员提供赌资结算并抽头渔利；伤害他人身体，致人死亡；结伙随意殴打他人、情节恶劣；以非法占有为目的，恶意透支信用卡,1,,,1,,,1,,,1,,
user_67,4,1972_4,4,殴打他人；致人死亡；破坏社会秩序,嫖宿不满十四周岁的幼女；引诱、容留、介绍他人卖淫；社会影响恶劣,4,遭受言语调戏；互相谩骂；携刀具相约打斗；持匕首乱戳对方；致被害人受伤后经抢救无效死亡,介绍、容留卖淫活动；物色卖淫女；唆使被害人谎称已满14周岁；明知被害人为中学学生，仍与其发生性关系，并付5500元嫖资,1,,,1,,,1,,,1,,
user_67,7,4829_1,4,纠集他人追逐、拦截他人；开设赌场；非法拘禁他人；殴打；致人死亡；情节恶劣,指使他人纠集人员任意损毁财物；开设赌场；情节严重,3,开设游戏厅供他人进行赌博活动；因被害人曾侵吞游戏厅钱款拘禁、殴打、体罚被害人；因全身多处被钝性物体多次打击致挤压综合征死亡；纠结人员追赶，持木棍将砸毁汽车；损失金额共2630.9元,为泄愤而指使他人任意损毁财物；价值人民币3030元；以营利为目的；利用游戏机开设赌场聚众赌博；非法获利33700元；情节严重,1,,,1,,,1,,,1,,
user_67,3,2132_2,4,伤害他人身体；致人重伤；破坏社会秩序,伤害他人身体；致人重伤,4,偶发矛盾，捅刺他人；重伤二级,醉酒妄想，捅刺他人；重伤二级,1,,,1,,,1,,,1,,
user_67,2,259_1,4,盗窃公司财物；数额较大；明知是犯罪所得而予以收购；退还赃款赃物,以秘密手段窃取财物；数额较大；明知是犯罪所得而予以收购；共同犯罪,4,非法占有15吨纯碱；价值人民币19650元；明知是赃物仍然予以收购；退还纯碱与非法所得人民币10890元；主动缴纳罚金人民币二万元,多次交叉结伙；盗窃物品价值人民币248002.8216元；明知是赃物仍然予以收购,1,,,1,,,1,,,1,,
user_67,1,330_4,4,破坏、窃取他人财物,以暴力方法阻碍国家机关工作人员依法执行职务,4,砸坏丰田轿车副驾驶车窗，盗走价值人民币2587元的行车记录仪；被盗行车记录仪已追回发还失主；家属赔偿被害人车窗修理费4651元,等待交警检查时，突然快速启动冲撞前后待检车辆以及用于封锁道路的警用摩托车；致使正在执行公务的多名警察及辅助人员陷入巨大人身危险；自首；亲属在案发后代为赔偿相关损失,1,,,1,,,1,,,1,,
user_67,5,1405_3,4,诈骗他人财产,对没有独立生活能力且患病的婴儿，负有抚养义务而拒绝抚养，情节恶劣；有配偶而与他人以夫妻名义同居生活；自首,4,隐瞒其真实身份及已生育子女、已婚事实；骗取钱财共计人民币902500元,一起患病婴儿在旅社内；婴儿病重死亡；隐瞒已婚事实与他人同居,1,,,1,,,1,,,1,,
user_67,0,4891_3,4,醉酒驾驶机动车；以威胁方法阻碍国家机关工作人员依法执行职务,随意殴打他人；在公共场所起哄闹事，造成公共场所秩序严重混乱,4,醉酒驾驶，其血液酒精含量达到151.2503mg／100ml；威胁、辱骂公安局工作人员；主动投案,随意殴打他人；致一人轻伤二级、一人轻伤一级；多次聚众闹事，阻碍工程进行，破坏社会秩序,1,,,1,,,1,,,1,,
user_68,1,330_3,5,以暴力方式抢夺私人财物；作案后逃离现场,以胁迫方式抢夺私人财物；作案后逃离现场,4,砸坏车窗；盗走私人财物；逃离现场,以枪状物胁迫他人；抢夺私人财物；逃离现场,1,,,2,,,1,,《中华人民共和国刑法》第二百六十三条,1,,
user_68,0,4891_4,3,醉酒驾驶；酒后滋事；妨碍公务,多次盗窃,4,醉酒驾驶；酒后滋事；辱骂警员，妨碍公务；事后投案,多次盗窃；事后坦白情节,1,,,1,,,1,,,1,,
user_68,4,1972_1,5,聚众斗殴人数多，社会影响恶劣；持械聚众斗殴；致人死亡,聚众斗殴人数多，社会影响恶劣；持械聚众斗殴；致人死亡、重伤及轻微伤,5,进行语言调戏；发生争吵；相约打架；携带刀具聚众斗殴；致人死亡,欺侮他人；相约打架；携带刀具等聚众斗殴；致人死亡、重伤或轻伤,1,,,1,,,3,故意伤害罪；聚众斗殴罪,故意伤害罪；聚众斗殴罪,1,,
user_68,2,259_2,5,授意他人协助犯罪；以非法占有为目的；知情状况下对赃物进行交易,以非法占有为目的；盗窃数额接近巨大,3,贿赂他人；非法占有纯碱；对赃物进行交易,盗窃水稻；私自驾驶他人车辆,1,,,1,,,2,,盗窃罪,1,,
user_68,5,1405_2,5,以非法占有为目的；诈骗钱财,以非法占有为目的；诈骗钱财,5,虚构虚假信息骗取汇款；隐瞒真实身份；骗取财物用于个人消费,虚构项目信息骗取金钱；骗取财物用于支付欠款和贷款,1,,,1,,,1,,,1,,
user_68,3,2132_1,5,故意伤害他人；持械斗殴；致人重伤,故意伤害他人；致人重伤；社会影响恶劣，社会危害较大,5,发生争吵；引发揪打；重伤二级,口角纠纷；重伤二级，轻伤二级,2,,正当防卫是否成立,1,,,1,,,1,,
user_68,7,4829_4,5,故意伤害他人；非法拘禁；致他人死亡；逃避法律责任；故意毁坏他人财物,蓄意报复；故意毁坏公共财物；造成经济损失,2,殴打他人致死；非法拘禁他人；销毁罪证；报假案；逼停、砸汽车,发生财务纠纷；拒不履行债务；砸坏居委会设施，烧毁文件,1,,,1,,,1,,,1,,
user_69,13,6094_3,5,受贿,受贿,4,主动要求他人进行经济补偿；敲诈,被动接受他人经济补偿,1,,,1,,,4,非国家工作人员受贿罪,非国家工作人员受贿罪,4,中标过程中通过是否废标要求他人给予钱财,中标过程中通过影响是否废标获得好处
user_69,12,6282_4,3,受贿,挪用公共资金,5,利用职务之便盈利,利用职务之便盈利,1,,,1,,,2,受贿,挪用资金,1,,
user_69,9,3805_4,5,故意伤害；轻微伤,故意杀人；致死,4,财务纠纷；被告与被害系借贷关系,财务纠纷；被告与被害无借贷关系,1,,,1,,,1,,,1,,
user_69,8,4719_3,5,故意伤害,肇事逃逸,5,发生口角；轻伤二级,交通事故；致死；肇事逃逸,1,,,1,,,1,,,1,,
user_69,15,2331_1,5,酒后驾驶,酒后驾驶,5,醉酒驾驶；交通事故,醉酒驾驶；交通事故,1,,,1,,,1,,,1,,
user_69,10,3862_1,5,非法拘禁；非法占有他人财产,非法拘禁；非法占有他人财产,5,经济纠纷；轻微伤；非法拘禁；殴打,经济纠纷；轻微伤；非法拘禁；殴打,1,,,1,,,1,,,1,,
user_69,11,6394_2,5,国家公职人员受贿,国家公职人员受贿,5,利用职务之便收受贿赂,利用职务之便收受贿赂,1,,,1,,,1,,,1,,
user_69,14,6046_2,5,非法拘禁；敲诈勒索,非法拘禁；敲诈勒索,5,威胁恐吓；轻微伤；索要钱财,威胁恐吓；轻微伤；索要钱财,1,,,1,,,1,,,1,,
user_70,11,6394_1,4,利用职务便利，索要他人财物,利用职务便利，接受他人财物；自首,4,根据不催款承诺，索要好处费；受贿人民币200000元,对受贿明知故犯；受贿人民币91万元,1,,,1,,,1,,,1,,
user_70,9,3805_3,4,逼债；限制人身自由；虐待被害人,强奸（未满十四周岁的幼女）；抢劫；指使共犯殴打，威胁被害人；通过暴力索要财物,4,看管被害人；采取用手铐铐、开水烫、不让吃饭等手段逼迫被害人还钱；一人轻伤二级，一人轻微伤,明知被害人（强奸）不满十四岁，仍然对其强奸；先后两次强制与被害人发生性关系；殴打被害人（抢劫）；索要人民币400元,1,,,1,,,1,,,1,,
user_70,8,4719_4,4,殴打他人,抢劫；强奸；一人犯数罪；共同犯罪；累计犯罪,4,发生口角；驾车加速撞击被害人驾驶的摩托车；轻伤二级,采用持刀威胁等手段劫取他人财物，作案四次共劫取他人财物计6124元；在实施抢劫之后，违背妇女意志，合伙采取暴力、胁迫手段强奸妇女,1,,,1,,,1,,,1,,
user_70,14,6046_3,4,受人指使；殴打；威胁；拘禁,故意伤害,4,经济纠纷；采用殴打及言语威胁等方式，逼迫被害人签下悔过书并承诺放弃经济利益；轻微伤；又逼迫被害人出具欠条支付“辛苦费”5万元,邻里矛盾发生口角；轻伤二级,1,,,1,,,1,,,1,,
user_70,15,2331_4,4,醉酒后无证驾驶无号牌车辆；致两车损坏，一人死亡,强奸；自首,4,发生碰刮；被害人被甩出车外倒在路面上，被车碾压；一人血液中的乙醇含量为108毫克／100毫升，一人甲血液中的乙醇含量为247毫克／100毫升，两人属醉酒状态,趁被害人醉酒处于无意识状态不知反抗的情形下，将其衣服脱光后发生性关系,1,,,1,,,1,,,1,,
user_70,12,6282_1,4,以职务之便，索要贿款,以职务之便，收受贿款,4,为赎回汽车，索要“好处费”人民币30万元,为他人谋取利益，收受“好处费”人民币97854元,1,,,1,,,1,,,1,,
user_70,13,6094_2,4,敲诈勒索,敲诈勒索，自首,4,以在建工程不符合招标规定为由，索要人民币20万元作为“封口费”，否则举报,以揭发隐私相要挟，强行向被害人索要现金32000元；案发后，被告人自行到公安机关投案，如实供述罪行,1,,,1,,,1,,,1,,
user_70,10,3862_2,4,抢劫；限制人身自由；威胁、殴打他人；轻微伤,抢劫；自首,4,采用揪头发、打耳光等方式将被害人强行带入车中；拿走苹果5S手机一部和诺基亚-107手机异步及密码；逼迫被害人交出银行卡及密码,持刀恐吓；带走保险箱中的现金人民币47万元，一人分得35万元，一人分得12万元；主动向侦查机关投案，如实供述主要犯罪事实,1,,,1,,,1,,,1,,
user_71,14,6046_4,5,殴打至构成轻微伤；,诈骗数额巨大，构成诈骗罪；放高利贷,4,逼迫被害人杨某某出具欠条支付“辛苦费”；殴打,逼迫受害人在银行空放贷款；抵押房子；支付利息等,1,,,1,,,1,,,1,,
user_71,15,2331_3,5,酒后驾驶；情节严重；交通肇事罪,酒后驾驶；情节严重；危害公共安全罪；交通肇事罪,4,醉酒后驾驶；肇事致人死亡,醉酒后驾驶；肇事致人死亡；逃逸,1,,,1,,,1,,,1,,
user_71,8,4719_1,5,驾车撞击致被害人致伤情已达到轻伤二级；,寻衅滋事罪；严重颅脑损伤死亡；,4,驾驶无牌号二轮摩托车尾随被害人；驾车撞击致被害人倒地受伤；,无证驾驶无牌号二轮摩托车尾随；陈朝阳驾车靠近林某丁并朝林某丁左侧臀部踢了一脚，抢救无效死亡。,1,,,1,,,1,,,1,,
user_71,12,6282_2,5,将该村的小石渣运输业务转包给张某甲；收受“好处费”不能少于30万元,收受他人贿赂，为他人谋取利益，数额较大；涉嫌犯非国家工作人员受贿罪,4,将该村的小石渣运输业务转包给张某甲；收受“好处费”不能少于30万元,推荐其朋友杨某维、黄某某承接外墙保温和外墙漆等项目；并要求黄某某、杨某维给予自己“点子费；,1,,,1,,,1,,,1,,
user_71,9,3805_2,5,张某的烫伤程度构成轻伤二级，被害人杨某2的烫伤程度构成轻微伤；,领导传销活动罪；非法拘禁罪；非法拘禁罪；,4,限制人身自由；致被害人张某、杨某2被烫伤,限制被害人人身自由；出随身携带的财物,1,,,1,,,1,,,1,,
user_71,11,6394_4,5,收受贿赂；,合同诈骗罪；,4,利用职务之便不催款；,隐瞒破产事实，签订玉石购房合同；,1,,,1,,,1,,,1,,
user_71,10,3862_3,5,周某构成轻微伤；,强奸罪；诈骗罪；寻衅滋事罪；,4,非法限制周某人身自由；周某被迫交出银行卡；手机也分赃了；,强行连某发生性关系；将车子偷开回来，再次抵押；打砸棋牌室，造成被害人面部轻微伤害,1,,,1,,,1,,,1,,
user_71,13,6094_1,5,获取了一定的封口费；,敲诈勒索罪；,4,要人民币20万元作为“封口费”；,向陆索要50万元；,1,,,1,,,1,,,1,,
user_72,10,3862_4,4,非法占有为目的；多次抢劫；数额较大；侵犯他人财产所有权,多次抢劫；随意殴打；共计价值4600元,4,非法占有为目的；多次盗窃；数额较大；侵犯他人财产所有权,微信诈骗；7次盗窃；共计价值4万元,1,,,1,,,3,心生怨恨；有目的性的报复,随意盗窃,3,抢劫,多次盗窃
user_72,8,4719_2,4,随意殴打他人；致他人轻伤；其行为破坏社会秩序,随意殴打他人；致他人死亡；其行为破坏社会秩序,4,发生口角，实施殴打；“轻伤二级”,发生口角，实施殴打；“当场死亡”,3,随意殴打他人；无悔过之意,随意殴打他人；主动赔偿被害人家属；,1,,,3,未提及,无期徒刑；剥夺政治权利终身,1,,
user_72,12,6282_3,4,政府工作人员，利用职务之便；挪用本单位资金；其行为破坏社会秩序,政府工作人员，利用职务之便；多次挪用本单位资金；其行为破坏社会秩序；情节严重,4,利用职务之便，将本村承包收入挪用归还个人欠款；共计30万元,利用职务之便，多次挪用村集体资金；共计129万元,1,,,1,,,1,,,1,,
user_72,9,3805_1,3,随意殴打；非法剥夺他人自由；其行为破坏社会秩序,随意殴打；非法剥夺他人自由；其行为破坏社会秩序,3,存在借贷关系；限制人身自由；实施殴打；轻伤二级,存在债券债务关系；限制人身自由；实施殴打；轻伤二级,1,,,1,,,3,非法拘禁罪,非法拘禁罪,1,,
user_72,15,2331_2,4,酒后驾驶；无证驾驶；其行为破坏社会秩序；情节严重,酒后驾驶；其行为破坏社会秩序,4,醉酒后无证驾驶无号牌车辆；致使他人死亡,酒后驾驶；与他人相撞，车辆受损，但无人员伤亡,1,被害人当场死亡及两车损坏的道路交通事故,两车损坏的道路交通事故,1,,,3,危险驾驶罪,危险驾驶罪，免予刑事处罚,1,,
user_72,14,6046_1,4,非法拘禁；随意殴打；敲诈勒索；,非法拘禁；随意殴打；寻衅滋事；敲诈勒索；,4,经济纠纷；借故寻衅；限制人身自由；轻微伤；扰乱他人正常工作、生活,放高利贷；形成恶势力犯罪团伙；多次索要债务非法拘禁他人；多次扰乱他人正常工作、生活,1,,,1,,,1,,,1,,
user_72,13,6094_4,4,敲诈勒索为目的；非法串标；其行为破坏社会秩序,滥用职权；非法串标；其行为破坏社会秩序,4,多次敲诈勒索；隐瞒招标实情；敲诈人民币20万元,串通投标；扰乱招标现场秩序,1,,,1,,,3,串通投标罪,串通投标罪,1,,
user_72,11,6394_3,3,利用职务便利；贪污单位钱款；影响国家经济管理的正常活动,利用职务便利；行贿公职人员；影响国家经济管理的正常活动,4,利用职务便利；索要他人人民币200000元；情节严重,为谋取不正当利益；给予国家工作人员财物共计人民币133万元；情节严重,1,,,1,,,4,贪污罪,行贿罪,1,,
